<?xml version="1.0" encoding="utf-8" ?>
<Defs>

  <ScenarioDef Name="Bonoru_Defeat">
    <defName>Bonoru_Defeat</defName>
    <label>마지막 패배</label>
    <description>보노루 연방이 패배 한뒤 우린 변방계로 도망쳤습니다.</description>
    <scenario>
      <summary>보노루 2마리로 출발합니다. 평범 하지만 총이 강력하기에 초반은 쉽게 넘어 갈테지만 연구가 느립니다.</summary>
      <playerFaction>
        <def>PlayerFaction</def>
        <factionDef>NewBonoru</factionDef>
      </playerFaction>
      <parts>

        <!-- Config pages -->
        <li Class="ScenPart_ConfigPage_ConfigureStartingPawns_Xenotypes">
          <def>ConfigurePawnsXenotypes</def>
          <pawnChoiceCount>4</pawnChoiceCount>
          <customSummary>성인 보노루 두명으로시작합니다.</customSummary>
          <overrideKinds>
            <li>
              <xenotype>Goranee</xenotype>
              <pawnKind>Bonoru_P</pawnKind>
            </li>
          </overrideKinds>
          <xenotypeCounts>
            <li>
              <xenotype>Goranee</xenotype>
              <count>2</count>
              <description>보노루 두마리</description>
              <requiredAtStart>true</requiredAtStart>
              <allowedDevelopmentalStages>Adult</allowedDevelopmentalStages>
            </li>
          </xenotypeCounts>
        </li>

        <!-- Player starting stuff spawn method-->
        <li Class="ScenPart_PlayerPawnsArriveMethod">
          <def>PlayerPawnsArriveMethod</def>
          <method>DropPods</method>
          <visible>false</visible>
        </li>

        <!-- Player pawns modifiers -->
        <li Class="ScenPart_ForcedHediff">
          <def>ForcedHediff</def>
          <visible>false</visible>
          <context>PlayerStarter</context>
          <chance>0.5</chance>
          <hediff>CryptosleepSickness</hediff>
          <hideOffMap>true</hideOffMap>
          <severityRange>1~1</severityRange>
        </li>
        
        <!-- Player starting things -->
        <li Class="ScenPart_StartingThing_Defined">
          <def>StartingThing_Defined</def>
          <thingDef>Silver</thingDef>
          <count>800</count>
        </li>
        <li Class="ScenPart_StartingThing_Defined">
          <def>StartingThing_Defined</def>
          <thingDef>MealSurvivalPack</thingDef>
          <count>50</count>
        </li>
        <li Class="ScenPart_StartingThing_Defined">
          <def>StartingThing_Defined</def>
          <thingDef>MedicineIndustrial</thingDef>
          <count>30</count>
        </li>
        <li Class="ScenPart_StartingThing_Defined">
          <def>StartingThing_Defined</def>
          <thingDef>ComponentIndustrial</thingDef>
          <count>30</count>
        </li>
        <li Class="ScenPart_StartingThing_Defined">
          <def>StartingThing_Defined</def>
          <thingDef>KAM_IndependenceRifle</thingDef>
        </li>
        <li Class="ScenPart_StartingThing_Defined">
          <def>StartingThing_Defined</def>
          <thingDef>KAM_K5_pistol</thingDef>
        </li>
        <li Class="ScenPart_StartingThing_Defined">
          <def>StartingThing_Defined</def>
          <thingDef>MeleeWeapon_Knife</thingDef>
          <stuff>Plasteel</stuff>
        </li>
        <li Class="ScenPart_StartingThing_Defined">
          <def>StartingThing_Defined</def>
          <thingDef>Apparel_FlakPants</thingDef>
        </li>
        <li Class="ScenPart_StartingThing_Defined">
          <def>StartingThing_Defined</def>
          <thingDef>Apparel_FlakVest</thingDef>
        </li>
        <li Class="ScenPart_StartingThing_Defined">
          <def>StartingThing_Defined</def>
          <thingDef>Apparel_AdvancedHelmet</thingDef>
          <stuff>Plasteel</stuff>
        </li>
        <li Class="ScenPart_StartingAnimal">
          <def>StartingAnimal</def>
          <count>1</count>
          <bondToRandomPlayerPawnChance>1.0</bondToRandomPlayerPawnChance>
        </li>

        <!-- Scatter some things near player start -->
        <li Class="ScenPart_ScatterThingsNearPlayerStart">
          <def>ScatterThingsNearPlayerStart</def>
          <thingDef>Steel</thingDef>
          <count>450</count>
        </li>
        <li Class="ScenPart_ScatterThingsNearPlayerStart">
          <def>ScatterThingsNearPlayerStart</def>
          <thingDef>WoodLog</thingDef>
          <count>300</count>
        </li>      

        <!-- Scatter some things anywhere -->
        <li Class="ScenPart_ScatterThingsAnywhere">
          <def>ScatterThingsAnywhere</def>
          <thingDef>ShipChunk</thingDef>
          <allowRoofed>false</allowRoofed>
          <count>3</count>
        </li>
        <li Class="ScenPart_ScatterThingsAnywhere">
          <def>ScatterThingsAnywhere</def>
          <thingDef>Steel</thingDef>
          <count>720</count>
        </li>
        <li Class="ScenPart_ScatterThingsAnywhere">
          <def>ScatterThingsAnywhere</def>
          <thingDef>MealSurvivalPack</thingDef>
          <count>7</count>
        </li>
        
        <!-- Game start dialog -->
        <li Class="ScenPart_GameStartDialog">
          <def>GameStartDialog</def>
          <textKey>GameStartDialog</textKey>
          <closeSound>GameStartSting</closeSound>
        </li>
        
      </parts>
    </scenario>
  </ScenarioDef>
 </Defs>