<?xml version="1.0" encoding="utf-8" ?>
<Defs>
	<ThingDef ParentName="BaseMeleeWeapon_Blunt_Quality">
		<defName>KAM_field_shovel_pickver</defName>
		<label>야전삽 (곡괭이)</label>
		<description>곡괭이 버전의 야전삽입니다. 야전삽의 가능성은 무궁무진하죠.</description>
		<possessionCount>1</possessionCount>
		<graphicData>
			<texPath>Things/melee/field shovel/pickver</texPath>
			<graphicClass>Graphic_Single</graphicClass>
		</graphicData>
		<uiIconScale>1.2</uiIconScale>
		<techLevel>Medieval</techLevel>
		<costStuffCount>50</costStuffCount>
		<statBases>
			<WorkToMake>7000</WorkToMake>
			<Mass>1.25</Mass>
		</statBases>
		<equippedAngleOffset>-65</equippedAngleOffset>
		<costList>
			<Steel>20</Steel>
			<ComponentIndustrial>1</ComponentIndustrial>
		</costList>
		<recipeMaker>
			<researchPrerequisite>Smithing</researchPrerequisite>
			<skillRequirements>
				<Crafting>3</Crafting>
			</skillRequirements>
			<displayPriority>400</displayPriority>
		</recipeMaker>
		<stuffCategories>
			<li>Metallic</li>
		</stuffCategories>
		<weaponTags>
			<li>Goraneemeele</li>
		</weaponTags>
		<weaponClasses>
			<li>Melee</li>
		</weaponClasses>
		<tools>
			<li>
				<label>head</label>
				<labelUsedInLogging>false</labelUsedInLogging>
				<capacities>
					<li>Blunt</li>
				</capacities>
				<power>18</power>
				<cooldownTime>5</cooldownTime>
			</li>
		</tools>
	</ThingDef>

	<ThingDef ParentName="BaseMeleeWeapon_Blunt_Quality">
	  <defName>KAM_field_shovel_foldedver</defName>
		<label>접힌야전삽</label>
		<description>접힌 버전의 야전삽입니다. 야전삽의 가능성은 무궁무진하죠.(접히면 무쓸오 아니냐고요? 둔기로썬 훌륭합니다)</description>
		<possessionCount>1</possessionCount>
		<graphicData>
			<texPath>Things/melee/field shovel/foldver</texPath>
			<graphicClass>Graphic_Single</graphicClass>
		</graphicData>
		<uiIconScale>1.2</uiIconScale>
		<techLevel>Medieval</techLevel>
		<costStuffCount>50</costStuffCount>
		<statBases>
			<WorkToMake>6000</WorkToMake>
			<Mass>1.25</Mass>
		</statBases>
		<equippedAngleOffset>-65</equippedAngleOffset>
		<costList>
			<Steel>25</Steel>
		</costList>
		<recipeMaker>
			<researchPrerequisite>Smithing</researchPrerequisite>
			<skillRequirements>
				<Crafting>3</Crafting>
			</skillRequirements>
			<displayPriority>400</displayPriority>
		</recipeMaker>
		<stuffCategories>
			<li>Metallic</li>
		</stuffCategories>
		<weaponTags>
			<li>Goraneemeele</li>
		</weaponTags>
		<weaponClasses>
			<li>Melee</li>
		</weaponClasses>
		<tools>
			<li>
				<label>head</label>
				<labelUsedInLogging>false</labelUsedInLogging>
				<capacities>
					<li>Blunt</li>
				</capacities>
				<power>11</power>
				<cooldownTime>4</cooldownTime>
			</li>
		</tools>
	</ThingDef>
	
    <ThingDef ParentName="BaseMeleeWeapon_Blunt_Quality">
	<defName>KAM_field_shovel_shovelver</defName>
		<label>야전삽</label>
		<description>삽 버전의 야전삽입니다. 야전삽의 가능성은 무궁무진하죠.</description>
		<possessionCount>1</possessionCount>
		<graphicData>
			<texPath>Things/melee/field shovel/shovelver</texPath>
			<graphicClass>Graphic_Single</graphicClass>
		</graphicData>
		<uiIconScale>1.2</uiIconScale>
		<techLevel>Medieval</techLevel>
		<costStuffCount>50</costStuffCount>
		<statBases>
			<WorkToMake>9000</WorkToMake>
			<Mass>1.25</Mass>
		</statBases>
		<equippedAngleOffset>-65</equippedAngleOffset>
		<costList>
			<Steel>15</Steel>
			<ComponentIndustrial>1</ComponentIndustrial>
		</costList>
		<recipeMaker>
			<researchPrerequisite>Smithing</researchPrerequisite>
			<skillRequirements>
				<Crafting>3</Crafting>
			</skillRequirements>
			<displayPriority>400</displayPriority>
		</recipeMaker>
		<stuffCategories>
			<li>Metallic</li>
		</stuffCategories>
		<weaponTags>
			<li>Goraneemeele</li>
		</weaponTags>
		<weaponClasses>
			<li>Melee</li>
		</weaponClasses>
		<tools>
			<li>
				<label>head</label>
				<labelUsedInLogging>false</labelUsedInLogging>
				<capacities>
					<li>Blunt</li>
				</capacities>
				<power>15</power>
				<cooldownTime>4</cooldownTime>
			</li>
		</tools>
	</ThingDef>
</Defs>