<?xml version="1.0" encoding="utf-8"?>
<Defs>
	<ThingDef ParentName="BaseHumanMakeableGun">
		<defName>KAM_Jojail</defName>
		<label>화승총</label>
		<description>임진왜란때 충격을 받은 조선 왕실이 놀라 급히도입한 총기 입니다.</description>
		<graphicData>
			<texPath>Things/JejuGun</texPath>
			<graphicClass>Graphic_Single</graphicClass>
		</graphicData>
		<uiIconScale>1.4</uiIconScale>
		<soundInteract>Interact_Rifle</soundInteract>
		<statBases>
			<WorkToMake>12000</WorkToMake>
			<Mass>4.3</Mass>
			<AccuracyTouch>0.90</AccuracyTouch>
			<AccuracyShort>0.51</AccuracyShort>
			<AccuracyMedium>0.31</AccuracyMedium>
			<AccuracyLong>0.17</AccuracyLong>
			<RangedWeapon_Cooldown>20.12</RangedWeapon_Cooldown>
		</statBases>
		<weaponTags>
			<li>KAM_Musket</li>
		</weaponTags>
		<weaponClasses>
			<li>RangedHeavy</li>
		</weaponClasses>
		<costList>
			<Steel>30</Steel>
			<WoodLog>60</WoodLog>
		</costList>
		<recipeMaker>
			<researchPrerequisite>Joseon_gun</researchPrerequisite>
			<skillRequirements>
				<Crafting>3</Crafting>
			</skillRequirements>
			<displayPriority>400</displayPriority>
		</recipeMaker>
		<verbs>
			<li>
				<verbClass>Verb_Shoot</verbClass>
				<hasStandardCommand>true</hasStandardCommand>
				<defaultProjectile>KAM_OldBullet</defaultProjectile>
				<warmupTime>0.9</warmupTime>
				<range>40</range>
				<soundCast>Shot_SniperRifle</soundCast>
				<soundCastTail>GunTail_Medium</soundCastTail>
				<muzzleFlashScale>9</muzzleFlashScale>
			</li>
		</verbs>
		<tools>
			<li>
				<label>grip</label>
				<capacities>
					<li>Blunt</li>
				</capacities>
				<power>7</power>
				<cooldownTime>2.3</cooldownTime>
			</li>
			<li>
				<label>barrel</label>
				<capacities>
					<li>Blunt</li>
					<li>Poke</li>
				</capacities>
				<power>10</power>
				<cooldownTime>1.9</cooldownTime>
			</li>
		</tools>
	</ThingDef>
</Defs>