<?xml version="1.0" encoding="utf-8" ?>
<Defs>

  <ThingDef ParentName="BaseHumanMakeableGun">
    <defName>KAM_rifle_barrel</defName>
    <label>소총통</label>
	<tickerType>Normal</tickerType>
    <description>세종시대때 만들어진 총통으로 약간 휘어져 착탄 거리를 늘린것이 특징입니다.</description>
    <graphicData>
      <texPath>Things/small_cannon</texPath>
      <graphicClass>Graphic_Single</graphicClass>
    </graphicData>
    <statBases>
      <MarketValue>3750</MarketValue>
      <Mass>11</Mass>
      <RangedWeapon_Cooldown>12</RangedWeapon_Cooldown>
    </statBases>
		<weaponTags>
			<li>KAM_cannon</li>
		</weaponTags>
		<weaponClasses>
			<li>RangedHeavy</li>
		</weaponClasses>
		<costList>
			<Steel>60</Steel>
			<ComponentIndustrial>12</ComponentIndustrial>
			<WoodLog>10</WoodLog>
		</costList>
		<recipeMaker>
			<researchPrerequisite>Joseon_gun</researchPrerequisite>
			<skillRequirements>
				<Crafting>7</Crafting>
			</skillRequirements>
			<displayPriority>2400</displayPriority>
		</recipeMaker>
    <verbs>
      <li>
        <verbClass>Verb_Shoot</verbClass>
        <hasStandardCommand>true</hasStandardCommand>
        <defaultProjectile>Joseon_cannon_ball</defaultProjectile>
        <forcedMissRadius>2.9</forcedMissRadius>
        <warmupTime>4.5</warmupTime>
        <range>35.9</range>
        <ticksBetweenBurstShots>20</ticksBetweenBurstShots>
        <soundCast>InfernoCannon_Fire</soundCast>
        <soundCastTail>GunTail_Heavy</soundCastTail>
        <muzzleFlashScale>14</muzzleFlashScale>
      </li>
    </verbs>
		<tools>
			<li>
				<label>grip</label>
				<capacities>
					<li>Blunt</li>
				</capacities>
				<power>20</power>
				<cooldownTime>2.1</cooldownTime>
			</li>
			<li>
				<label>barrel</label>
				<capacities>
					<li>Blunt</li>
				</capacities>
				<power>14</power>
				<cooldownTime>1.7</cooldownTime>
			</li>
		</tools>
	<comps>
      <li Class="CompProperties_Explosive">
        <explosiveRadius>3.9</explosiveRadius>
        <explosiveDamageType>Bomb</explosiveDamageType>
        <requiredDamageTypeToExplode>Flame</requiredDamageTypeToExplode>
      </li>
      <li Class="CompProperties_Biocodable"/>
    </comps>
  </ThingDef>

  <ThingDef ParentName="BaseHumanMakeableGun">
    <defName>KAM_middle_barrel</defName>
    <label>차승자총통</label>
	<tickerType>Normal</tickerType>
    <description>승자총통중 가장 널리 알려지고, 쓰여진 승자총통입니다.</description>
    <graphicData>
      <texPath>Things/middle_cannon</texPath>
      <graphicClass>Graphic_Single</graphicClass>
    </graphicData>
    <statBases>
      <MarketValue>3750</MarketValue>
      <Mass>15</Mass>
      <RangedWeapon_Cooldown>12</RangedWeapon_Cooldown>
    </statBases>
		<weaponTags>
			<li>KAM_cannon</li>
		</weaponTags>
		<weaponClasses>
			<li>RangedHeavy</li>
		</weaponClasses>
		<costList>
			<Steel>60</Steel>
			<ComponentIndustrial>12</ComponentIndustrial>
			<WoodLog>10</WoodLog>
		</costList>
		<recipeMaker>
			<researchPrerequisite>Joseon_gun</researchPrerequisite>
			<skillRequirements>
				<Crafting>7</Crafting>
			</skillRequirements>
			<displayPriority>2400</displayPriority>
		</recipeMaker>
    <verbs>
      <li>
        <verbClass>Verb_Shoot</verbClass>
        <hasStandardCommand>true</hasStandardCommand>
        <defaultProjectile>Joseon_cannon_ball</defaultProjectile>
        <forcedMissRadius>2.9</forcedMissRadius>
        <warmupTime>4.5</warmupTime>
        <range>35.9</range>
        <ticksBetweenBurstShots>20</ticksBetweenBurstShots>
        <soundCast>InfernoCannon_Fire</soundCast>
        <soundCastTail>GunTail_Heavy</soundCastTail>
        <muzzleFlashScale>14</muzzleFlashScale>
      </li>
    </verbs>
		<tools>
			<li>
				<label>grip</label>
				<capacities>
					<li>Blunt</li>
				</capacities>
				<power>27</power>
				<cooldownTime>2.1</cooldownTime>
			</li>
			<li>
				<label>barrel</label>
				<capacities>
					<li>Blunt</li>
				</capacities>
				<power>17</power>
				<cooldownTime>1.7</cooldownTime>
			</li>
		</tools>
	<comps>
      <li Class="CompProperties_Explosive">
        <explosiveRadius>3.9</explosiveRadius>
        <explosiveDamageType>Bomb</explosiveDamageType>
        <requiredDamageTypeToExplode>Flame</requiredDamageTypeToExplode>
      </li>
      <li Class="CompProperties_Biocodable"/>
    </comps>
  </ThingDef>

</Defs>