<?xml version="1.0" encoding="utf-8"?>
<Defs>
	<ThingDef ParentName="BaseHumanMakeableGun">
		<defName>KAM_M1Garand</defName>
		<label>M1개런드</label>
		<description>한국이 미국으로 부터 공수받은 첫 제식 반자동 소총입니다.</description>
		<graphicData>
			<texPath>Things/M1Garand</texPath>
			<graphicClass>Graphic_Single</graphicClass>
		</graphicData>
		<uiIconScale>1.4</uiIconScale>
		<soundInteract>Interact_Rifle</soundInteract>
		<statBases>
			<WorkToMake>30000</WorkToMake>
			<Mass>4.3</Mass>
			<AccuracyTouch>0.92</AccuracyTouch>
			<AccuracyShort>0.81</AccuracyShort>
			<AccuracyMedium>0.80</AccuracyMedium>
			<AccuracyLong>0.64</AccuracyLong>
			<RangedWeapon_Cooldown>1.1</RangedWeapon_Cooldown>
		</statBases>
		<weaponTags>
			<li>KAM_Semi_Rifle</li>
		</weaponTags>
		<weaponClasses>
			<li>RangedHeavy</li>
		</weaponClasses>
		<costList>
			<Steel>30</Steel>
			<ComponentIndustrial>7</ComponentIndustrial>
			<WoodLog>30</WoodLog>
		</costList>
		<recipeMaker>
			<researchPrerequisite>20th_Century_gun</researchPrerequisite>
			<skillRequirements>
				<Crafting>3</Crafting>
			</skillRequirements>
			<displayPriority>400</displayPriority>
		</recipeMaker>
		<verbs>
			<li>
				<verbClass>Verb_Shoot</verbClass>
				<hasStandardCommand>true</hasStandardCommand>
				<defaultProjectile>KAM_DMRBullet</defaultProjectile>
				<warmupTime>0.4</warmupTime>
				<range>40</range>
				<soundCast>Shot_SniperRifle</soundCast>
				<soundCastTail>GunTail_Medium</soundCastTail>
				<muzzleFlashScale>9</muzzleFlashScale>
			</li>
		</verbs>
		<tools>
			<li>
				<label>grip</label>
				<capacities>
					<li>Blunt</li>
				</capacities>
				<power>7</power>
				<cooldownTime>2.3</cooldownTime>
			</li>
			<li>
				<label>barrel</label>
				<capacities>
					<li>Blunt</li>
					<li>Poke</li>
				</capacities>
				<power>10</power>
				<cooldownTime>1.9</cooldownTime>
			</li>
		</tools>
	</ThingDef>
</Defs>