<?xml version="1.0" encoding="utf-8"?>
<Defs>
	<ThingDef ParentName="BaseHumanMakeableGun">
		<defName>KAM_M2Carbine</defName>
		<label>M2 카빈</label>
		<description>한국이 전쟁중 받은 반자동소총입니다(연사가능).</description>
		<graphicData>
			<texPath>Things/M2Carbine</texPath>
			<graphicClass>Graphic_Single</graphicClass>
		</graphicData>
		<uiIconScale>1.4</uiIconScale>
		<soundInteract>Interact_Rifle</soundInteract>
		<statBases>
			<WorkToMake>40000</WorkToMake>
			<Mass>4.2</Mass>
			<AccuracyTouch>0.84</AccuracyTouch>
			<AccuracyShort>0.61</AccuracyShort>
			<AccuracyMedium>0.57</AccuracyMedium>
			<AccuracyLong>0.51</AccuracyLong>
			<RangedWeapon_Cooldown>1.6</RangedWeapon_Cooldown>
		</statBases>
		<weaponTags>
			<li>KAM_Auto_Rifle</li>
		</weaponTags>
		<weaponClasses>
			<li>RangedHeavy</li>
		</weaponClasses>
		<costList>
			<Steel>45</Steel>
			<ComponentIndustrial>9</ComponentIndustrial>
			<WoodLog>20</WoodLog>
			<Chemfuel>10</Chemfuel>
		</costList>
		<recipeMaker>
			<researchPrerequisite>20th_Century_gun</researchPrerequisite>
			<skillRequirements>
				<Crafting>3</Crafting>
			</skillRequirements>
			<displayPriority>400</displayPriority>
		</recipeMaker>
		<verbs>
			<li>
				<verbClass>Verb_Shoot</verbClass>
				<hasStandardCommand>true</hasStandardCommand>
				<defaultProjectile>KAM_MGBullet</defaultProjectile>
				<warmupTime>2.1</warmupTime>
				<range>45</range>
				<burstShotCount>3</burstShotCount>
				<soundCast>Shot_AssaultRifle</soundCast>
				<soundCastTail>GunTail_Medium</soundCastTail>
				<muzzleFlashScale>9</muzzleFlashScale>
			</li>
		</verbs>
		<tools>
			<li>
				<label>grip</label>
				<capacities>
					<li>Blunt</li>
				</capacities>
				<power>11</power>
				<cooldownTime>2.1</cooldownTime>
			</li>
			<li>
				<label>barrel</label>
				<capacities>
					<li>Blunt</li>
					<li>Poke</li>
				</capacities>
				<power>14</power>
				<cooldownTime>1.7</cooldownTime>
			</li>
		</tools>
	</ThingDef>
</Defs>