<?xml version="1.0" encoding="utf-8"?>
<Defs>
	<!--<ThingDef ParentName="BaseHumanMakeableGun">
		<defName>KAM_MXRifle</defName>
		<label>MX 소총</label>
		<description>한국이 미국으로 부터 공수받은 반자동 소총을 개량하여 만든 소총입니다</description>
		<graphicData>
			<texPath>Things/MX</texPath>
			<graphicClass>Graphic_Single</graphicClass>
		</graphicData>
		<uiIconScale>1.4</uiIconScale>
		<soundInteract>Interact_Rifle</soundInteract>
		<statBases>
			<WorkToMake>30000</WorkToMake>
			<Mass>4.3</Mass>
			<AccuracyTouch>0.86</AccuracyTouch>
			<AccuracyShort>0.72</AccuracyShort>
			<AccuracyMedium>0.61</AccuracyMedium>
			<AccuracyLong>0.64</AccuracyLong>
			<RangedWeapon_Cooldown>2.7</RangedWeapon_Cooldown>
		</statBases>
		<weaponTags>
			<li>GoraneeGun</li>
		</weaponTags>
		<weaponClasses>
			<li>RangedHeavy</li>
		</weaponClasses>
		<costList>
			<Steel>40</Steel>
			<ComponentIndustrial>7</ComponentIndustrial>
			<Chemfuel>10</Chemfuel>
		</costList>
		<recipeMaker>
			<researchPrerequisite>20th_Century_gun</researchPrerequisite>
			<skillRequirements>
				<Crafting>3</Crafting>
			</skillRequirements>
			<displayPriority>400</displayPriority>
		</recipeMaker>
		<verbs>
			<li>
				<verbClass>Verb_Shoot</verbClass>
				<hasStandardCommand>true</hasStandardCommand>
				<defaultProjectile>KAM_MGBullet</defaultProjectile>
				<warmupTime>0.9</warmupTime>
				<range>60</range>
				<burstShotCount>2</burstShotCount>
				<soundCast>Shot_AssaultRifle</soundCast>
				<soundCastTail>GunTail_Medium</soundCastTail>
				<muzzleFlashScale>9</muzzleFlashScale>
			</li>
		</verbs>
		<tools>
			<li>
				<label>grip</label>
				<capacities>
					<li>Blunt</li>
				</capacities>
				<power>7</power>
				<cooldownTime>2.3</cooldownTime>
			</li>
			<li>
				<label>barrel</label>
				<capacities>
					<li>Blunt</li>
					<li>Poke</li>
				</capacities>
				<power>10</power>
				<cooldownTime>1.9</cooldownTime>
			</li>
		</tools>
	</ThingDef>-->
	<ThingDef ParentName="BaseHumanMakeableGun">
		<defName>KAM_MXRifleTripod</defName>
		<label>MX 소총(삼각대)</label>
		<description>한국이 미국으로 부터 공수받은 반자동 소총을 개량하여 만든 삼각대가 달린소총입니다.</description>
		<graphicData>
			<texPath>Things/MXTripod</texPath>
			<graphicClass>Graphic_Single</graphicClass>
		</graphicData>
		<uiIconScale>1.4</uiIconScale>
		<soundInteract>Interact_Rifle</soundInteract>
		<statBases>
			<WorkToMake>33000</WorkToMake>
			<Mass>4.3</Mass>
			<AccuracyTouch>0.86</AccuracyTouch>
			<AccuracyShort>0.72</AccuracyShort>
			<AccuracyMedium>0.61</AccuracyMedium>
			<AccuracyLong>0.64</AccuracyLong>
			<RangedWeapon_Cooldown>2.7</RangedWeapon_Cooldown>
		</statBases>
		<weaponTags>
			<li>KAM_Semi_Rifle</li>
		</weaponTags>
		<weaponClasses>
			<li>RangedHeavy</li>
		</weaponClasses>
		<costList>
			<Steel>45</Steel>
			<ComponentIndustrial>8</ComponentIndustrial>
			<Chemfuel>15</Chemfuel>
		</costList>
		<recipeMaker>
			<researchPrerequisite>20th_Century_gun</researchPrerequisite>
			<skillRequirements>
				<Crafting>3</Crafting>
			</skillRequirements>
			<displayPriority>400</displayPriority>
		</recipeMaker>
		<verbs>
			<li>
				<verbClass>Verb_Shoot</verbClass>
				<hasStandardCommand>true</hasStandardCommand>
				<defaultProjectile>KAM_MGBullet</defaultProjectile>
				<warmupTime>0.9</warmupTime>
				<range>60</range>
				<burstShotCount>2</burstShotCount>
				<soundCast>Shot_AssaultRifle</soundCast>
				<soundCastTail>GunTail_Medium</soundCastTail>
				<muzzleFlashScale>9</muzzleFlashScale>
			</li>
		</verbs>
		<tools>
			<li>
				<label>grip</label>
				<capacities>
					<li>Blunt</li>
				</capacities>
				<power>7</power>
				<cooldownTime>2.3</cooldownTime>
			</li>
			<li>
				<label>barrel</label>
				<capacities>
					<li>Blunt</li>
					<li>Poke</li>
					<li>Stab</li>
				</capacities>
				<power>12</power>
				<cooldownTime>1.9</cooldownTime>
			</li>
		</tools>
	</ThingDef>
</Defs>