<?xml version="1.0" encoding="utf-8"?>
<Defs>
	<ThingDef ParentName="BaseHumanMakeableGun">
		<defName>KAM_TypeGreatKoreaRifle</defName>
		<label>대한식 소총</label>
		<description>한국이 자체개발,제작한 소총입니다. 자랑스러운 우리만의 소총입니다.</description>
		<graphicData>
			<texPath>Things/TypeGreatKoreaRifle</texPath>
			<graphicClass>Graphic_Single</graphicClass>
		</graphicData>
		<uiIconScale>1.4</uiIconScale>
		<soundInteract>Interact_Rifle</soundInteract>
		<statBases>
			<WorkToMake>10000</WorkToMake>
			<Mass>4.3</Mass>
			<AccuracyTouch>0.71</AccuracyTouch>
			<AccuracyShort>0.64</AccuracyShort>
			<AccuracyMedium>0.52</AccuracyMedium>
			<AccuracyLong>0.64</AccuracyLong>
			<RangedWeapon_Cooldown>2.2</RangedWeapon_Cooldown>
		</statBases>
		<weaponTags>
			<li>KAM_BoltAction_Rifle</li>
		</weaponTags>
		<weaponClasses>
			<li>RangedHeavy</li>
		</weaponClasses>
		<costList>
			<Steel>30</Steel>
			<ComponentIndustrial>4</ComponentIndustrial>
			<WoodLog>40</WoodLog>
		</costList>
		<recipeMaker>
			<skillRequirements>
				<Crafting>3</Crafting>
			</skillRequirements>
			<displayPriority>400</displayPriority>
		</recipeMaker>
		<verbs>
			<li>
				<verbClass>Verb_Shoot</verbClass>
				<hasStandardCommand>true</hasStandardCommand>
				<defaultProjectile>KAM_KRBullet</defaultProjectile>
				<warmupTime>0.9</warmupTime>
				<range>35</range>
				<soundCast>Shot_SniperRifle</soundCast>
				<soundCastTail>GunTail_Medium</soundCastTail>
				<muzzleFlashScale>9</muzzleFlashScale>
			</li>
		</verbs>
		<tools>
			<li>
				<label>grip</label>
				<capacities>
					<li>Blunt</li>
				</capacities>
				<power>7</power>
				<cooldownTime>2.3</cooldownTime>
			</li>
			<li>
				<label>barrel</label>
				<capacities>
					<li>Blunt</li>
					<li>Poke</li>
				</capacities>
				<power>10</power>
				<cooldownTime>1.9</cooldownTime>
			</li>
		</tools>
	</ThingDef>
</Defs>