<?xml version="1.0" encoding="utf-8"?>
<Defs>
	<ThingDef ParentName="BaseHumanMakeableGun">
		<defName>KAM_XK1SMG</defName>
		<label>XK1 기관단총</label>
		<description>첫 자체 개발된 제식 기관단총의 개발단계의 모습입니다.</description>
		<graphicData>
			<texPath>Things/XK1</texPath>
			<graphicClass>Graphic_Single</graphicClass>
		</graphicData>
		<uiIconScale>1.4</uiIconScale>
		<soundInteract>Interact_SMG</soundInteract>
		<statBases>
			<WorkToMake>9000</WorkToMake>
			<Mass>3.1</Mass>
			<AccuracyTouch>0.61</AccuracyTouch>
			<AccuracyShort>0.56</AccuracyShort>
			<AccuracyMedium>0.46</AccuracyMedium>
			<AccuracyLong>0.17</AccuracyLong>
			<RangedWeapon_Cooldown>0.6</RangedWeapon_Cooldown>
		</statBases>
		<weaponTags>
			<li>KAM_SMG</li>
		</weaponTags>
		<weaponClasses>
			<li>RangedHeavy</li>
		</weaponClasses>
		<costList>
			<Steel>60</Steel>
			<ComponentIndustrial>8</ComponentIndustrial>
			<Chemfuel>15</Chemfuel>
		</costList>
		<recipeMaker>
			<researchPrerequisite>20th_Century_gun</researchPrerequisite>
			<skillRequirements>
				<Crafting>3</Crafting>
			</skillRequirements>
			<displayPriority>1200</displayPriority>
		</recipeMaker>
		<verbs>
			<li>
				<verbClass>Verb_Shoot</verbClass>
				<hasStandardCommand>true</hasStandardCommand>
				<defaultProjectile>KAM_ARBullet</defaultProjectile>
				<warmupTime>3.1</warmupTime>
				<range>23</range>
				<burstShotCount>10</burstShotCount>
				<soundCast>Shot_AssaultRifle</soundCast>
				<soundCastTail>GunTail_Medium</soundCastTail>
				<muzzleFlashScale>9</muzzleFlashScale>
			</li>
		</verbs>
		<tools>
			<li>
				<label>grip</label>
				<capacities>
					<li>Blunt</li>
				</capacities>
				<power>9</power>
				<cooldownTime>2.1</cooldownTime>
			</li>
			<li>
				<label>barrel</label>
				<capacities>
					<li>Blunt</li>
					<li>Poke</li>
				</capacities>
				<power>11</power>
				<cooldownTime>1.7</cooldownTime>
			</li>
		</tools>
	</ThingDef>
</Defs>