<?xml version="1.0" encoding="utf-8" ?>
<Defs>
	<DamageDef>
		<defName>KAM_HeatCut</defName>
		<label>베인 화상</label>
		<workerClass>DamageWorker_AddInjury</workerClass>
		<externalViolence>true</externalViolence>
		<deathMessage>{0} has been Cut to death.</deathMessage>
		<hediff>Cut</hediff>
		<hediffSolid>Crack</hediffSolid>
		<harmAllLayersUntilOutside>true</harmAllLayersUntilOutside>
		<impactSoundType>Slice</impactSoundType>
		<armorCategory>Heat</armorCategory>
		<overkillPctToDestroyPart>0~0.1</overkillPctToDestroyPart>
		<cutExtraTargetsCurve>
			<points>
				<li>0, 0</li>
				<li>0.6, 1</li>
				<li>0.9, 2</li>
				<li>1, 3</li>
			</points>
		</cutExtraTargetsCurve>
		<cutCleaveBonus>1.4</cutCleaveBonus>
	</DamageDef>

	<ToolCapacityDef>
		<defName>KAM_Heat</defName>
		<label>heat</label>
	</ToolCapacityDef>
	<ManeuverDef>
		<defName>KAM_Heat</defName>
		<requiredCapacity>KAM_Heat</requiredCapacity>
		<verb>
			<verbClass>Verb_MeleeAttackDamage</verbClass>
			<meleeDamageDef>KAM_HeatCut</meleeDamageDef>
		</verb>
		<logEntryDef>MeleeAttack</logEntryDef>
		<combatLogRulesHit>Maneuver_Slash_MeleeHit</combatLogRulesHit>
		<combatLogRulesDeflect>Maneuver_Slash_MeleeDeflect</combatLogRulesDeflect>
		<combatLogRulesMiss>Maneuver_Slash_MeleeMiss</combatLogRulesMiss>
		<combatLogRulesDodge>Maneuver_Slash_MeleeDodge</combatLogRulesDodge>
	</ManeuverDef>
</Defs>
