<?xml version="1.0" encoding="utf-8"?>
<Defs>

 <!--<ThingDef ParentName="ArmorMachineableBase">
    <defName>BNH26_Flak_vest</defName>
    <label>BNH-26 제1형 방탄복</label>
    <description>고작몽톰만 막을수있는 급조 방탄복입니다. 그런데도 널리 쓰였습니다.</description>
    <techLevel>Industrial</techLevel>
    <recipeMaker>
      <researchPrerequisite>KAM_Initial_Armor</researchPrerequisite>
      <unfinishedThingDef>UnfinishedTechArmor</unfinishedThingDef>
      <skillRequirements>
        <Crafting>3</Crafting>
      </skillRequirements>
      <displayPriority>220</displayPriority>
    </recipeMaker>
    <graphicData>
      <texPath>Things/Armor/BNH-26</texPath>
      <graphicClass>Graphic_Single</graphicClass>
      <drawSize>0.7</drawSize>
    </graphicData>
    <statBases>
      <WorkToMake>12000</WorkToMake>
      <MaxHitPoints>210</MaxHitPoints>
      <Mass>4</Mass>
      <Flammability>0.6</Flammability>
      <ArmorRating_Sharp>2.00</ArmorRating_Sharp>
      <ArmorRating_Blunt>1.2</ArmorRating_Blunt>
      <ArmorRating_Heat>0.4</ArmorRating_Heat>
      <Insulation_Cold>0.2</Insulation_Cold>
      <EquipDelay>7</EquipDelay>
    </statBases>
    <equippedStatOffsets>
      <MoveSpeed>-0.2</MoveSpeed>
    </equippedStatOffsets>
    <thingCategories>
      <li>ApparelArmor</li>
    </thingCategories>
    <costList>
      <Cloth>25</Cloth>
      <Steel>75</Steel>
    </costList>
    <apparel>
      <bodyPartGroups>
        <li>Torso</li>
        <li>Shoulders</li>
      </bodyPartGroups>
      <wornGraphicPath>Things/Armor/BNH-26</wornGraphicPath>
      <layers>
        <li>Middle</li>
      </layers>
      <tags>
        <li>Bonoru_Flak_vest</li>
      </tags>
    </apparel>
    <tradeTags>
      <li>Armor</li>
    </tradeTags>
  </ThingDef>
  
  <ThingDef ParentName="ArmorMachineableBase">
    <defName>BNH27_Flak_vest</defName>
    <label>BNH-27 제2형 방탄복</label>
    <description>개발이 완료됐지만 시제품에서 멈춘 안타까운 녀석입니다. 시재품을 겨우겨우 찾은 보노루들은 이 물품의 성능을 확인하고 버려버렸습니다. 그나마 따뜻합니다.</description>
    <techLevel>Industrial</techLevel>
    <recipeMaker>
      <researchPrerequisite>KAM_Initial_Armor</researchPrerequisite>
      <unfinishedThingDef>UnfinishedTechArmor</unfinishedThingDef>
      <skillRequirements>
        <Crafting>3</Crafting>
      </skillRequirements>
      <displayPriority>220</displayPriority>
    </recipeMaker>
    <graphicData>
      <texPath>Things/Armor/BNH-26</texPath>
      <graphicClass>Graphic_Single</graphicClass>
      <drawSize>0.7</drawSize>
    </graphicData>
    <statBases>
      <WorkToMake>12000</WorkToMake>
      <MaxHitPoints>270</MaxHitPoints>
      <Mass>5</Mass>
      <Flammability>0.7</Flammability>
      <ArmorRating_Sharp>2.30</ArmorRating_Sharp>
      <ArmorRating_Blunt>1.7</ArmorRating_Blunt>
      <ArmorRating_Heat>0.4</ArmorRating_Heat>
      <Insulation_Cold>0.5</Insulation_Cold>
      <EquipDelay>8</EquipDelay>
    </statBases>
    <equippedStatOffsets>
      <MoveSpeed>-0.2</MoveSpeed>
    </equippedStatOffsets>
    <thingCategories>
      <li>ApparelArmor</li>
    </thingCategories>
    <costList>
      <Cloth>35</Cloth>
      <Steel>75</Steel>
    </costList>
    <apparel>
      <bodyPartGroups>
        <li>Torso</li>
        <li>Shoulders</li>
      </bodyPartGroups>
      <wornGraphicPath>Things/Armor/BNH-27</wornGraphicPath>
      <layers>
        <li>Middle</li>
      </layers>
      <tags>
        <li>Bonoru_Flak_vest</li>
      </tags>
    </apparel>
    <tradeTags>
      <li>Armor</li>
    </tradeTags>
  </ThingDef>
  
  <ThingDef ParentName="ArmorHelmetMakeableBase">
    <defName>BNH11_Flak_Helmat</defName>
    <label>BNH-11 1형 방탄모</label>
    <description>가볍고 단단한(?)방탄모입니다. 성능이 매우우수하여 어기저기 쓰인다고 알려져있습니다. 안에는 약간의 보충제가 있어 따뜻합니다.</description>
    <techLevel>Industrial</techLevel>
    <recipeMaker>
      <researchPrerequisite>KAM_Initial_Armor</researchPrerequisite>
      <unfinishedThingDef>UnfinishedMetallicTechArmor</unfinishedThingDef>
      <skillRequirements>
        <Crafting>5</Crafting>
      </skillRequirements>
      <displayPriority>205</displayPriority>
    </recipeMaker>
    <graphicData>
      <texPath>Things/Armor/BNH-27</texPath>
      <graphicClass>Graphic_Single</graphicClass>
    </graphicData>
    <uiIconScale>1.4</uiIconScale>
    <statBases>
      <WorkToMake>9500</WorkToMake>
      <MaxHitPoints>410</MaxHitPoints>
      <Mass>1.6</Mass>
      <Flammability>0.6</Flammability>
      <ArmorRating_Sharp>2.70</ArmorRating_Sharp>
      <ArmorRating_Blunt>1.8</ArmorRating_Blunt>
      <ArmorRating_Heat>0.4</ArmorRating_Heat>
      <Insulation_Cold>1.3</Insulation_Cold>
      <EquipDelay>1.9</EquipDelay>
    </statBases>
    <stuffCategories>
      <li>Metallic</li>
    </stuffCategories>
    <costStuffCount>40</costStuffCount>
    <costList>
      <ComponentIndustrial>2</ComponentIndustrial>
      <Cloth>15</Cloth>
      <Steel>45</Steel>
    </costList>
    <apparel>
      <countsAsClothingForNudity>false</countsAsClothingForNudity>
      <bodyPartGroups>
        <li>UpperHead</li>
      </bodyPartGroups>
      <wornGraphicPath>Things/Pawn/Humanlike/Apparel/AdvancedHelmet/AdvancedHelmet</wornGraphicPath>
      <layers>
        <li>Overhead</li>
      </layers>
      <tags>
        <li>Bonoru_Flak_Helmat</li>
      </tags>
      <defaultOutfitTags>
        <li>Soldier</li>
      </defaultOutfitTags>
    </apparel>
    <tradeTags>
      <li>Armor</li>
    </tradeTags>
  </ThingDef>-->
  
</Defs>