<?xml version="1.0" encoding="utf-8" ?>
<Defs>
  
   <ThingDef Name="KAMBaseGrenadeProjectile" Abstract="True">
    <category>Projectile</category>
    <altitudeLayer>Projectile</altitudeLayer>
    <thingClass>Projectile_Explosive</thingClass>
    <label>KAM_projectile</label>
    <tickerType>Normal</tickerType>
    <useHitPoints>False</useHitPoints>
    <neverMultiSelect>True</neverMultiSelect>
    <graphicData>
      <shaderType>Transparent</shaderType>
    </graphicData>
    <projectile>
      <speed>24</speed>
      <arcHeightFactor>2</arcHeightFactor>
      <shadowSize>0.4</shadowSize>
    </projectile>
  </ThingDef>
  
  <ThingDef ParentName="BaseMakeableGrenade">
    <defName>KAM_K451Grenade</defName>
    <label>K451 세열수류탄</label>
    <description>K413수류탄의 개량형입니다. 꽤나 오래돼긴했어도 아직 쓸만합니다.</description>
    <recipeMaker>
      <researchPrerequisite>Machining</researchPrerequisite>
    </recipeMaker>
    <tickerType>Normal</tickerType>
    <graphicData>
      <texPath>Things/K451</texPath>
      <graphicClass>Graphic_Single</graphicClass>
    </graphicData>
    <uiIconScale>1.3</uiIconScale>
    <soundInteract>Interact_Grenade</soundInteract>
    <techLevel>Industrial</techLevel>
    <statBases>
      <Mass>1</Mass>
      <RangedWeapon_Cooldown>2.66</RangedWeapon_Cooldown>
      <WorkToMake>12000</WorkToMake>
    </statBases>
    <costList>
      <Steel>35</Steel>
      <Chemfuel>50</Chemfuel>
    </costList>
    <weaponTags>
      <li>KAM_Grenade</li>
    </weaponTags>
    <thingCategories>
      <li>Grenades</li>
    </thingCategories>
    <smeltable>true</smeltable>
    <verbs>
      <li>
        <label>K451 투척</label>
        <verbClass>Verb_LaunchProjectile</verbClass>
        <hasStandardCommand>true</hasStandardCommand>
        <range>9</range>
        <forcedMissRadius>1.9</forcedMissRadius>
        <warmupTime>1.5</warmupTime>
        <noiseRadius>4</noiseRadius>
        <ai_IsBuildingDestroyer>true</ai_IsBuildingDestroyer>
        <soundCast>ThrowGrenade</soundCast>
        <targetParams>
          <canTargetLocations>true</canTargetLocations>
        </targetParams>
        <defaultProjectile>Proj_GrenadeFrag</defaultProjectile>
        <rangedFireRulepack>Combat_RangedFire_Thrown</rangedFireRulepack>
      </li>
    </verbs>
    <comps>
      <li Class="CompProperties_Explosive">
        <explosiveRadius>2.66</explosiveRadius>
        <explosiveDamageType>Bomb</explosiveDamageType>
        <requiredDamageTypeToExplode>Flame</requiredDamageTypeToExplode>
      </li>
    </comps>
  </ThingDef>

  <ThingDef Name="KAMBaseFragGrenadeProjectile" ParentName="KAMBaseGrenadeProjectile" Abstract="True">
    <thingClass>Projectile_Explosive</thingClass>
    <graphicData>
      <texPath>Things/Projectile/Grenade</texPath>
      <graphicClass>Graphic_Single</graphicClass>
    </graphicData>
    <projectile>
      <explosionRadius>1.9</explosionRadius >
      <damageDef>Bomb</damageDef>
      <!-- Use default damage from explosion def -->
      <explosionDelay>100</explosionDelay>
    </projectile>
  </ThingDef>

  <ThingDef ParentName="KAMBaseFragGrenadeProjectile">
    <defName>Proj_K451Grenade</defName>
    <label>K451</label>
  </ThingDef>
 </Defs>