<?xml version="1.0" encoding="utf-8" ?>
<Defs>
  <ThingDef ParentName="BaseHumanMakeableGun">
    <defName>KAM_K5_pistol</defName>
    <label>K5 1세대</label>
    <description>개량형이 나오며 잊혀진 좋지않은 성능의 권총입니다.</description>
    <graphicData>
      <texPath>Things/K5_KAM</texPath>
      <graphicClass>Graphic_Single</graphicClass>
    </graphicData>
    <uiIconScale>1.5</uiIconScale>
    <soundInteract>Interact_Autopistol</soundInteract>
    <recipeMaker>
      <researchPrerequisite>20th_Century_gun</researchPrerequisite>
      <skillRequirements>
        <Crafting>4</Crafting>
      </skillRequirements>
      <displayPriority>405</displayPriority>
    </recipeMaker>
    <weaponTags>
      <li>KAM_Pistol</li>
    </weaponTags>
    <statBases>
      <WorkToMake>5000</WorkToMake>
      <Mass>1.2</Mass>
      <AccuracyTouch>0.80</AccuracyTouch>
      <AccuracyShort>0.50</AccuracyShort>
      <AccuracyMedium>0.25</AccuracyMedium>
      <AccuracyLong>0.15</AccuracyLong>
      <RangedWeapon_Cooldown>1</RangedWeapon_Cooldown>
    </statBases>
    <costList>
      <Steel>30</Steel>
      <ComponentIndustrial>5</ComponentIndustrial>
    </costList>
    <verbs>
      <li>
        <verbClass>Verb_Shoot</verbClass>
        <hasStandardCommand>true</hasStandardCommand>
        <defaultProjectile>KAM_SMGBullet</defaultProjectile>
        <warmupTime>0.3</warmupTime>
        <range>15.3</range>
        <soundCast>Shot_Autopistol</soundCast>
        <soundCastTail>GunTail_Light</soundCastTail>
        <muzzleFlashScale>9</muzzleFlashScale>
      </li>
    </verbs>
    <tools>
      <li>
        <label>grip</label>
        <capacities>
          <li>Blunt</li>
        </capacities>
        <power>11</power>
        <cooldownTime>1</cooldownTime>
      </li>
      <li>
        <label>barrel</label>
        <capacities>
          <li>Blunt</li>
          <li>Poke</li>
        </capacities>
        <power>13</power>
        <cooldownTime>1.7</cooldownTime>
      </li>
    </tools>
  </ThingDef>
</Defs>