<?xml version="1.0" encoding="utf-8" ?>
<Defs>
  
  
  <ThingDef ParentName="BaseWeaponNeolithic">
    <defName>KAM_Bow</defName>
    <label>각궁</label>
    <description>조선의 활입니다. 직접구부려가며 자신에게 맞는 휜정도를 찾아서 썼다 합나다.</description>
    <possessionCount>1</possessionCount>
    <graphicData>
      <texPath>Things/Korean_Bow</texPath>
      <graphicClass>Graphic_Single</graphicClass>
    </graphicData>
    <soundInteract>Bow_Small</soundInteract>
    <costList>
      <WoodLog>30</WoodLog>
    </costList>
    <statBases>
      <WorkToMake>2400</WorkToMake>
      <Mass>0.8</Mass>
      <AccuracyTouch>0.75</AccuracyTouch>
      <AccuracyShort>0.65</AccuracyShort>
      <AccuracyMedium>0.45</AccuracyMedium>
      <AccuracyLong>0.25</AccuracyLong>
      <RangedWeapon_Cooldown>1.65</RangedWeapon_Cooldown>
    </statBases>
    <weaponTags>
      <li>KAM_Bow</li>
    </weaponTags>
    <weaponClasses>
      <li>Ranged</li>
      <li>RangedLight</li>
    </weaponClasses>
    <recipeMaker>
      <recipeUsers>
        <li>CraftingSpot</li>
      </recipeUsers>
      <skillRequirements>
        <Crafting>2</Crafting>
      </skillRequirements>
      <displayPriority>510</displayPriority>
    </recipeMaker>
    <verbs>
      <li>
        <verbClass>Verb_Shoot</verbClass>
        <hasStandardCommand>true</hasStandardCommand>
        <defaultProjectile>Arrow_Short</defaultProjectile>
        <warmupTime>1.35</warmupTime>
        <range>22.9</range>
        <soundCast>Bow_Small</soundCast>
      </li>
    </verbs>
    <tools>
      <li>
        <label>limb</label>
        <capacities>
          <li>Blunt</li>
          <li>Poke</li>
        </capacities>
        <power>9</power>
        <cooldownTime>2</cooldownTime>
      </li>
    </tools>
    <rotateInShelves>false</rotateInShelves>
  </ThingDef>
  
</Defs>