<?xml version="1.0" encoding="utf-8"?>
<Defs>
	<ThingDef ParentName="BaseHumanMakeableGun">
		<defName>KAM_M16Commando</defName>
		<label>M16 코만도</label>
		<description>베트남 전쟁중 파견간 국군이 보급 받은 총입니다.</description>
		<graphicData>
			<texPath>Things/M16</texPath>
			<graphicClass>Graphic_Single</graphicClass>
		</graphicData>
		<uiIconScale>1.4</uiIconScale>
		<soundInteract>Interact_Rifle</soundInteract>
		<statBases>
			<WorkToMake>50000</WorkToMake>
			<Mass>3.3</Mass>
			<AccuracyTouch>0.81</AccuracyTouch>
			<AccuracyShort>0.67</AccuracyShort>
			<AccuracyMedium>0.61</AccuracyMedium>
			<AccuracyLong>0.45</AccuracyLong>
			<RangedWeapon_Cooldown>0.6</RangedWeapon_Cooldown>
		</statBases>
		<weaponTags>
			<li>KAM_Auto_Rifle</li>
		</weaponTags>
		<weaponClasses>
			<li>RangedHeavy</li>
		</weaponClasses>
		<costList>
			<Steel>60</Steel>
			<ComponentIndustrial>12</ComponentIndustrial>
			<Chemfuel>15</Chemfuel>
		</costList>
		<recipeMaker>
			<researchPrerequisite>20th_Century_gun</researchPrerequisite>
			<skillRequirements>
				<Crafting>5</Crafting>
			</skillRequirements>
			<displayPriority>1200</displayPriority>
		</recipeMaker>
		<verbs>
			<li>
				<verbClass>Verb_Shoot</verbClass>
				<hasStandardCommand>true</hasStandardCommand>
				<defaultProjectile>KAM_ARBullet</defaultProjectile>
				<warmupTime>1.3</warmupTime>
				<range>35</range>
				<burstShotCount>5</burstShotCount>
				<soundCast>Shot_AssaultRifle</soundCast>
				<soundCastTail>GunTail_Medium</soundCastTail>
				<muzzleFlashScale>9</muzzleFlashScale>
			</li>
		</verbs>
		<tools>
			<li>
				<label>grip</label>
				<capacities>
					<li>Blunt</li>
				</capacities>
				<power>7</power>
				<cooldownTime>1.7</cooldownTime>
			</li>
			<li>
				<label>barrel</label>
				<capacities>
					<li>Blunt</li>
					<li>Poke</li>
				</capacities>
				<power>12</power>
				<cooldownTime>2.1</cooldownTime>
			</li>
		</tools>
	</ThingDef>
</Defs>