<?xml version="1.0" encoding="utf-8" ?>
<Defs>
	<ThingDef ParentName="BaseMeleeWeapon_Blunt_Quality">
		<defName>Taegeukgi</defName>
		<label>Taegeukgi</label>
		<description>태극기입니다(국기에 대하여 경례!)</description>
		<possessionCount>1</possessionCount>
		<graphicData>
			<texPath>Things/Taegeukgi</texPath>
			<graphicClass>Graphic_Single</graphicClass>
		</graphicData>
		<uiIconScale>1.2</uiIconScale>
		<techLevel>Medieval</techLevel>
		<costStuffCount>50</costStuffCount>
		<statBases>
			<WorkToMake>4000</WorkToMake>
			<Mass>1.25</Mass>
		</statBases>
		<equippedAngleOffset>-65</equippedAngleOffset>
		<recipeMaker>
			<researchPrerequisite>Smithing</researchPrerequisite>
			<skillRequirements>
				<Crafting>3</Crafting>
			</skillRequirements>
			<displayPriority>400</displayPriority>
		</recipeMaker>
		<stuffCategories>
			<li>Metallic</li>
			<li>Woody</li>
		</stuffCategories>
		<weaponTags>
			<li>Goraneemeele</li>
		</weaponTags>
		<weaponClasses>
			<li>Melee</li>
		</weaponClasses>
		<tools>
			<li>
				<label>head</label>
				<labelUsedInLogging>false</labelUsedInLogging>
				<capacities>
					<li>Blunt</li>
				</capacities>
				<power>8.1</power>
				<cooldownTime>2</cooldownTime>
			</li>
		</tools>
	</ThingDef>
</Defs>