<?xml version="1.0" encoding="utf-8" ?>
<Defs>

  <ThingDef ParentName="BaseHumanMakeableGun">
    <defName>KAM_USAS12_Shotgun</defName>
    <label>USAS12자동산탄총</label>
    <description>이 샷건은 현재 인기가 거의없고 여러 국가의 경찰에서 사용하는 실정입니다.</description>
    <graphicData>
      <texPath>Things/USAS12</texPath>
      <graphicClass>Graphic_Single</graphicClass>
    </graphicData>
    <soundInteract>Interact_Shotgun</soundInteract>
    <recipeMaker>
      <researchPrerequisite>20th_Century_gun</researchPrerequisite>
      <skillRequirements>
        <Crafting>6</Crafting>
      </skillRequirements>
      <displayPriority>435</displayPriority>
    </recipeMaker>
    <statBases>
      <WorkToMake>31000</WorkToMake>
      <Mass>4.5</Mass>
      <AccuracyTouch>0.57</AccuracyTouch>
      <AccuracyShort>0.64</AccuracyShort>
      <AccuracyMedium>0.55</AccuracyMedium>
      <AccuracyLong>0.45</AccuracyLong>
      <RangedWeapon_Cooldown>3.25</RangedWeapon_Cooldown>
    </statBases>
    <costList>
      <Steel>70</Steel>
      <ComponentIndustrial>5</ComponentIndustrial>
    </costList>
    <verbs>
      <li>
        <verbClass>Verb_Shoot</verbClass>
        <hasStandardCommand>true</hasStandardCommand>
        <defaultProjectile>KAM_Shotgun_Bullet</defaultProjectile>
        <warmupTime>1.2</warmupTime>
        <range>15</range>
        <burstShotCount>2</burstShotCount>
        <ticksBetweenBurstShots>10</ticksBetweenBurstShots>
        <soundCast>Shot_Shotgun</soundCast>
        <soundCastTail>GunTail_Heavy</soundCastTail>
        <muzzleFlashScale>9</muzzleFlashScale>
      </li>
    </verbs>
    <weaponTags>
      <li>GoraneeGun</li>
    </weaponTags>
    <tools>
      <li>
        <label>stock</label>
        <capacities>
          <li>Blunt</li>
        </capacities>
        <power>9</power>
        <cooldownTime>2</cooldownTime>
      </li>
      <li>
        <label>barrel</label>
        <capacities>
          <li>Blunt</li>
          <li>Poke</li>
        </capacities>
        <power>9</power>
        <cooldownTime>2</cooldownTime>
      </li>
    </tools>
   </ThingDef>
</Defs>
