<?xml version="1.0" encoding="utf-8"?>
<Defs>
	<ThingDef ParentName="BaseHumanMakeableGun">
		<defName>KAM_XK8Combined_function_rifle</defName>
		<label>XK8 복합기능소총</label>
		<description>대한민국 SNT모티브에서 개발한불펍 소총입니다 그러나 한국군에서 채용거부되어 생산되지는 못한불운의 불펍돌격소총입니다.</description>
		<graphicData>
			<texPath>Things/XK8</texPath>
			<graphicClass>Graphic_Single</graphicClass>
		</graphicData>
		<uiIconScale>1.4</uiIconScale>
		<soundInteract>Interact_SMG</soundInteract>
		<statBases>
			<WorkToMake>10000</WorkToMake>
			<Mass>3.1</Mass>
			<AccuracyTouch>0.65</AccuracyTouch>
			<AccuracyShort>0.61</AccuracyShort>
			<AccuracyMedium>0.59</AccuracyMedium>
			<AccuracyLong>0.20</AccuracyLong>
			<RangedWeapon_Cooldown>0.6</RangedWeapon_Cooldown>
		</statBases>
		<weaponTags>
			<li>KAM_SMG</li>
		</weaponTags>
		<weaponClasses>
			<li>RangedHeavy</li>
		</weaponClasses>
		<costList>
			<Steel>70</Steel>
			<ComponentIndustrial>10</ComponentIndustrial>
			<Chemfuel>20</Chemfuel>
		</costList>
		<recipeMaker>
			<researchPrerequisite>20th_Century_gun</researchPrerequisite>
			<skillRequirements>
				<Crafting>3</Crafting>
			</skillRequirements>
			<displayPriority>1200</displayPriority>
		</recipeMaker>
		<verbs>
			<li>
				<verbClass>Verb_Shoot</verbClass>
				<hasStandardCommand>true</hasStandardCommand>
				<defaultProjectile>KAM_ARBullet</defaultProjectile>
				<warmupTime>3.1</warmupTime>
				<range>40</range>
				<burstShotCount>3</burstShotCount>
				<soundCast>Shot_Minigun</soundCast>
				<soundCastTail>GunTail_Medium</soundCastTail>
				<muzzleFlashScale>9</muzzleFlashScale>
			</li>
		</verbs>
		<tools>
			<li>
				<label>grip</label>
				<capacities>
					<li>Blunt</li>
				</capacities>
				<power>4</power>
				<cooldownTime>2.1</cooldownTime>
			</li>
			<li>
				<label>barrel</label>
				<capacities>
					<li>Blunt</li>
					<li>Poke</li>
				</capacities>
				<power>6</power>
				<cooldownTime>1.7</cooldownTime>
			</li>
		</tools>
	</ThingDef>
</Defs>