<?xml version="1.0" encoding="utf-8"?>
<Defs>

  <XenotypeDef>
    <defName>Goranee</defName>
    <label>Bonoru race</label>
    <description>군부독재시절 태어난뒤 잘살다가 인간들에게 학살당한자들입니다. 인간과의 전쟁을하다, 패하여, 변방계로 도망쳐왔습니다</description>
    <descriptionShort>인간의 학살을 피해 변방계에서 살고있습니다.</descriptionShort>
    <iconPath>Things/gene/icon/goranee</iconPath>
		<inheritable>true</inheritable>
		<nameMaker>Goranee_Pawns_Name_rulepackM</nameMaker>
		<nameMakerFemale>Goranee_Pawns_Name_rulepackF</nameMakerFemale>
    <genes>
	<!--==endogenes==-->
	<li>Body_Thin</li>
	<li>Body_Standard</li>
	<li>Beard_NoBeardOnly</li>
	<!--==misc==-->
	<li>Aggression_DeadCalm</li>
	<li>AnimalWarcall</li>
	<li>Unstoppable</li>
	<!--<li>nearsighted</li>-->
	<!--<li>DarkVision</li>-->
	<!--== me gene==-->
	<li>MoveSpeed_Goranee</li>
	<li>Beauty_Goranee</li>
	<li>Ears_Goranee</li>
	<li>Voice_goranee</li>
	<li>goranee_Metabolism</li>
	<li>Tail_Goranee</li>
	<li>MeleeDamage_Goranee</li>
	<li>Goranee_Sleep</li>
	<li>Goranee_Tough</li>
	<!--Spectrum-->
	<li>Learning_Slow</li>
	<!--==Aptitude==-->
	<li>AptitudeRemarkable_Shooting</li>
	<li>AptitudeStrong_Melee</li>
	<li>AptitudeRemarkable_Construction</li>
	<li>AptitudeRemarkable_Mining</li>
	<li>AptitudeTerrible_Plants</li>
	<li>AptitudeTerrible_Intellectual</li>
	<li>AptitudePoor_Social</li>
	</genes>
  </XenotypeDef>

<!--== gene ==-->

	<GeneCategoryDef>
		<defName>GoraneeGenes</defName>
		<label>고라니</label>
		<displayPriorityInXenotype>110</displayPriorityInXenotype>
	</GeneCategoryDef>
  
  <GeneDef ParentName="GeneEarsBase">
	<defName>Ears_Goranee</defName>
    <label>Bonoru ears</label>
    <description>악!!!하며 소리를 지를것같은 동물의귀입니다.</description>
    <iconPath>Things/gene/icon/Goranee_ears</iconPath>
	<iconColor>(0.75, 0.75, 0.75)</iconColor>
	<displayCategory>GoraneeGenes</displayCategory>
	<displayOrderInCategory>119</displayOrderInCategory>
    <biostatCpx>1</biostatCpx>
	<renderNodeProperties>
      <li>
        <nodeClass>PawnRenderNode_AttachmentHead</nodeClass>
        <workerClass>PawnRenderNodeWorker_FlipWhenCrawling</workerClass>
        <texPath>Things/gene/GoraneeEars</texPath>
		<color>(216, 200, 166)</color>
        <colorType>Hair</colorType>
        <parentTagDef>Head</parentTagDef>
        <useSkinShader>true</useSkinShader>
        <useRottenColor>true</useRottenColor>
        <rotDrawMode>Fresh, Rotting</rotDrawMode>
        <drawData>
          <defaultData>
            <layer>70</layer>
          </defaultData>
        </drawData>
      </li>
    </renderNodeProperties>
  </GeneDef>
  
  <GeneDef ParentName="GeneVoiceBase">
    <defName>Voice_goranee</defName>
    <label>Bonoru voice</label>
    <description>윽..너무나 시끄러운 목소리입니다. 그래서 그런지 잘들리지만요.</description>
    <iconPath>Things/gene/icon/goranee_voice</iconPath>
	<iconColor>(0.75, 0.75, 0.75)</iconColor>
	<displayCategory>GoraneeGenes</displayCategory>
    <displayOrderInCategory>119</displayOrderInCategory>
	<statOffsets>
      <PawnBeauty>-0.5</PawnBeauty>
    </statOffsets>
	<biostatCpx>1</biostatCpx>
    <biostatMet>2</biostatMet>
    <soundCall>Pawn_goranee_Call</soundCall>
    <soundDeath>Pawn_goranee_Death</soundDeath>
    <soundWounded>Pawn_goranee_Wounded</soundWounded>
  </GeneDef>
  
 <GeneDef ParentName="GeneTailBase">
    <defName>Tail_Goranee</defName>
    <label>Bonoru tail</label>
    <description>보노루의 꼬리입니다 짧고 동글하며, 털이 있습니다.</description>
    <iconPath>UI/Icons/Genes/Gene_TailFurry</iconPath>
    <iconColor>(0.75, 0.75, 0.75)</iconColor>
	<displayCategory>GoraneeGenes</displayCategory>
    <displayOrderInCategory>1000</displayOrderInCategory>
    <statOffsets>
      <ComfyTemperatureMin>-10</ComfyTemperatureMin>
    </statOffsets>
    <biostatCpx>1</biostatCpx>
    <biostatMet>-1</biostatMet>
    <renderNodeProperties>
      <li>
        <workerClass>PawnRenderNodeWorker_AttachmentBody</workerClass>
        <texPath>Things/gene/tailgoranee</texPath>
        <colorType>Hair</colorType>
        <overrideMeshSize>(1, 1)</overrideMeshSize>
        <parentTagDef>Body</parentTagDef>
        <rotDrawMode>Fresh, Rotting</rotDrawMode>
        <drawData>
          <scaleOffsetByBodySize>true</scaleOffsetByBodySize>
          <defaultData>
            <layer>-2</layer>
          </defaultData>
          <dataNorth>
            <offset>(0 , 0, -0.25)</offset><!--1번y축,2번z축,3번x축-->
            <layer>90</layer>
          </dataNorth>
          <dataSouth>
            <offset>( 0, 0, 0)</offset>
          </dataSouth>
          <dataEast>
            <offset>(-0.25, 0, -0.15)</offset>
          </dataEast>	
        </drawData>
      </li>
    </renderNodeProperties>
  </GeneDef>
  
  <GeneDef MayRequire="Ludeon.RimWorld.Biotech">
		<defName>goranee_Metabolism</defName>
		<label>Army Metabolism</label>
		<labelShortAdj>군사적 신진대사</labelShortAdj>
		<description>보노루의 변형된 신진대사입니다.</description>
		<iconPath>Things/gene/icon/Goranee_Metabolism</iconPath>
		<displayCategory>GoraneeGenes</displayCategory>
		<biostatCpx>1</biostatCpx>
		<biostatMet>11</biostatMet>
		<biostatArc>1</biostatArc>
	</GeneDef>
	
<!--   <GeneDef ParentName="GeneHairStyleBase">
    <defName>Hair_Goranee</defName>
    <label>고라니 머리카락</label>
    <description>고라니들만의 머리카락입니다 흠...</description>
    <iconPath>Things/gene/icon/KAM_Hair</iconPath>
	<displayCategory>GoraneeGenes</displayCategory>
    <displayOrderInCategory>57</displayOrderInCategory>
    <hairTagFilter>
      <whitelist>true</whitelist>
      <tags>
        <li>Goranee_hair_women</li>
        <li>Goranee_hair_man</li>
	  </tags>
    </hairTagFilter>
  </GeneDef>-->
  
  <GeneDef ParentName="GeneMeleeDamageBase">
    <defName>MeleeDamage_Goranee</defName>
    <label>보노루만의 아드레날린</label>
    <labelShortAdj>본능</labelShortAdj>
    <description>보노루는 사슴과인 만큼 뒷발이 꽤 강력합니다. 군사정부는 이걸 팔과다리에 나눴죠. 그래서그런지 근접에서 꽤나 큰 성과를 냅니다</description>
    <iconPath>Things/gene/icon/goranee_Melee</iconPath>
	<displayCategory>GoraneeGenes</displayCategory>
    <displayOrderInCategory>40</displayOrderInCategory>
    <statFactors>
      <MeleeDamageFactor>1.3</MeleeDamageFactor>
    </statFactors>
    <biostatMet>-1</biostatMet>
  </GeneDef>

  <GeneDef ParentName="GeneSleepBase">
    <defName>Goranee_Sleep</defName>
    <label>지워지지않은 야행성본능</label>
    <description>보노루는 개조되었고 지금까지 인간화 되었지만 그들의 야행성본능은 지워지지 않앗습니다. 진화를거듭하며, 조금씩 지워였지만, 아직 완전히 지워지지 않았습니다. 그래서 불면증 환자가 많더군요.</description>
    <iconPath>Things/gene/icon/goranee_sleep</iconPath>
	<displayCategory>GoraneeGenes</displayCategory>
    <displayOrderInCategory>20</displayOrderInCategory>
    <statFactors>
      <RestFallRateFactor>0.6</RestFallRateFactor>
    </statFactors>
	<ignoreDarkness>true</ignoreDarkness>
    <biostatMet>-3</biostatMet>
    <biostatCpx>2</biostatCpx>
  </GeneDef>
  
  <GeneDef ParentName="GeneMoveSpeedBase">
    <defName>MoveSpeed_Goranee</defName>
    <label>보노루의 속도</label> 
    <labelShortAdj>고라니의속도</labelShortAdj>
    <description>고라니는 빛을 보면 멈추는 것 때문에 속도가 좀 느립니다. 다리힘이 이것을 상쇄해주긴합니다</description>
    <iconPath>Things/gene/icon/goranee_speed</iconPath>
	<displayCategory>GoraneeGenes</displayCategory>
    <displayOrderInCategory>20</displayOrderInCategory>
    <statOffsets>
      <MoveSpeed>1.2</MoveSpeed>
    </statOffsets>
    <biostatMet>-1</biostatMet>
  </GeneDef>
  
  <GeneDef ParentName="GeneBeautyBase">
    <defName>Beauty_Goranee</defName>
    <label>보노루 특유의 외모</label>
    <description>고라니는 뭐랄까..... 좀 못생겼습니다. 그렇다고요.</description>
    <iconPath>Things/gene/icon/goranee_Beauty</iconPath>
	<displayCategory>GoraneeGenes</displayCategory>
    <displayOrderInCategory>10</displayOrderInCategory>
    <statOffsets>
      <PawnBeauty>-0.5</PawnBeauty>
    </statOffsets>
    <biostatMet>2</biostatMet>
  </GeneDef>
  
  	<!--<GeneDef ParentName="GeneJawBase">
		<defName>Head_Goranee</defName>
		<label>Goranee head</label>
		<description>고라니의 머리입니다 귀여운듯 안귀엽습니다.</description>
		<iconPath>UI/Icons/Genes/Gene_BodyStandard</iconPath>
		<displayCategory>GoraneeGenes</displayCategory>
		<displayOrderInCategory>2</displayOrderInCategory>
		<forcedHeadTypes>
			<li>Bonoruhead</li>
		</forcedHeadTypes>
		<beardTagFilter>
         <whitelist>true</whitelist>
         <tags>
         <li>NoBeard</li>
         </tags>
        </beardTagFilter>
	</GeneDef>-->
   
   <GeneDef ParentName="GeneToughnessBase">
    <defName>Goranee_Tough</defName>
    <label>군사적 개량의 결과물</label>
    <description>군사정부에 탄생한 그들은 군사로 쓰이기 위해 매우 단단한 피부를 가지고 있습니다.</description>
	<iconPath>Things/gene/icon/goranee_Tough</iconPath>
    <displayOrderInCategory>0</displayOrderInCategory>
	<forcedTraits>
     <li>
      <def>Tough</def>
     </li>
    </forcedTraits>
    <biostatMet>-1</biostatMet>
    </GeneDef>

</Defs>