<?xml version="1.0" encoding="utf-8" ?>
<Defs>

  <!-- ======= Basic quality thoughts ========= -->

    <ThoughtDef>
    <defName>KAM_ate_ppogeuli</defName>
    <durationDays>0.5</durationDays>
    <stackLimit>2</stackLimit>
    <stages>
      <li>
        <label>뽀글이를 먹음</label>
        <description>뽀글이는 정말 맛있습니다. 환경호르몬은 어쩌냐구요? 그딴게 있긴합니까?</description>
        <baseMoodEffect>6</baseMoodEffect>
      </li>
    </stages>
  </ThoughtDef>

    <ThoughtDef>
    <defName>KAM_ate_instant_ramen</defName>
    <durationDays>0.5</durationDays>
    <stackLimit>2</stackLimit>
    <stages>
      <li>
        <label>육개장을 먹음</label>
        <description>아뜨꺼! 후후불어 먹어야지..</description>
        <baseMoodEffect>10</baseMoodEffect>
      </li>
    </stages>
  </ThoughtDef>
  
    <ThoughtDef>
    <defName>KAM_ate_Militaria</defName>
    <durationDays>0.5</durationDays>
    <stackLimit>2</stackLimit>
    <stages>
      <li>
        <label>군대리아를 먹음</label>
        <description>약간의 짬밥냄새가나지만 햄버거이니 맛있다.</description>
        <baseMoodEffect>2</baseMoodEffect>
      </li>
    </stages>
  </ThoughtDef>

    <ThoughtDef>
    <defName>KAM_ate_Biscuit_flakes</defName>
    <durationDays>0.5</durationDays>
    <stackLimit>2</stackLimit>
    <stages>
      <li>
        <label>건플레이크를 먹음</label>
        <description>그나마 우유를 넣으니 낫네.</description>
        <baseMoodEffect>1</baseMoodEffect>
      </li>
    </stages>
  </ThoughtDef>
  
      <ThoughtDef>
    <defName>KAM_ate_Biscuit</defName>
    <durationDays>0.5</durationDays>
    <stackLimit>2</stackLimit>
    <stages>
      <li>
        <label>건빵를 먹음</label>
        <description>엑! 이빨 나갈뻔 했네!</description>
        <baseMoodEffect>-5</baseMoodEffect>
      </li>
    </stages>
  </ThoughtDef>
</Defs>