<?xml version="1.0" encoding="utf-8" ?>
<Defs>

    <ThingDef ParentName="MealBase">
    <defName>Goraneefood_Nutrition</defName>
    <label>보노루 실속배급식</label>
    <description>보노루만의 실속배급식입니다. 맛과 모양이 매우 나쁜것으로 유명합니다.(곤죽이랍니다.)</description>
    <graphicData>
      <texPath>Things/Item/Meal/NutrientPaste</texPath>
      <graphicClass>Graphic_MealVariants</graphicClass>
    </graphicData>
    <statBases>
      <MarketValue>10</MarketValue>
      <Nutrition>3</Nutrition>
    </statBases>
    <ingestible>
      <preferability>MealAwful</preferability>
      <ateEvent>AteNutrientPaste</ateEvent>
      <ingestEffect>EatVegetarian</ingestEffect>
      <ingestSound>Meal_Eat</ingestSound>
    </ingestible>
    <tradeability>Buyable</tradeability>
    <comps>
      <li Class="CompProperties_Rottable">
        <daysToRotStart>2</daysToRotStart>
        <rotDestroys>true</rotDestroys>
      </li>
    </comps>
  </ThingDef>

    <ThingDef ParentName="MealBase">
    <defName>KAM_Biscuit_flakes</defName>
    <label>건푸레이크</label>
    <description>아침에나오는 우유에 건빵을 말아먹는간편식입니다. 말년의 아침식사대용으로 딱이죠.</description>
    <graphicData>
      <texPath>Things/Item/Biscuit_flakes</texPath>
      <graphicClass>Graphic_StackCount</graphicClass>
    </graphicData>
    <statBases>
      <DeteriorationRate>0.1</DeteriorationRate>
      <MarketValue>50</MarketValue>
      <Mass>0.3</Mass>
      <WorkToMake>450</WorkToMake>
      <Nutrition>1</Nutrition>
    </statBases>
    <ingestible>
      <preferability>MealFine</preferability>
	  <tasteThought>KAM_ate_Biscuit_flakes</tasteThought>
      <optimalityOffsetHumanlikes>0</optimalityOffsetHumanlikes>
      <optimalityOffsetFeedingAnimals>0</optimalityOffsetFeedingAnimals>
      <ingestEffect>EatVegetarian</ingestEffect>
      <ingestSound>Meal_Eat</ingestSound>
    </ingestible>
    <allowedArchonexusCount>40</allowedArchonexusCount>
	<comps>
      <li Class="CompProperties_Rottable">
        <daysToRotStart>2</daysToRotStart>
        <rotDestroys>true</rotDestroys>
      </li>
    </comps>
  </ThingDef>
  
    <ThingDef ParentName="MealBase">
    <defName>KAM_Biscuit</defName>
    <label>건빵</label>
    <description>딱딱하고 딱딱하고 푸석한 건빵입니다.</description>
    <graphicData>
      <texPath>Things/Item/Biscuit</texPath>
      <graphicClass>Graphic_StackCount</graphicClass>
    </graphicData>
    <statBases>
      <DeteriorationRate>0.1</DeteriorationRate>
      <MarketValue>50</MarketValue>
      <Mass>0.3</Mass>
      <WorkToMake>450</WorkToMake>
      <Nutrition>1</Nutrition>
    </statBases>
    <ingestible>
      <preferability>MealSimple</preferability>
	  <tasteThought>KAM_ate_Biscuit</tasteThought>
      <optimalityOffsetHumanlikes>0</optimalityOffsetHumanlikes>
      <optimalityOffsetFeedingAnimals>0</optimalityOffsetFeedingAnimals>
      <ingestEffect>EatVegetarian</ingestEffect>
      <ingestSound>Meal_Eat</ingestSound>
    </ingestible>
    <allowedArchonexusCount>40</allowedArchonexusCount>
	<tradeability>Buyable</tradeability>
	<comps>
      <li Class="CompProperties_Rottable">
        <daysToRotStart>2</daysToRotStart>
        <rotDestroys>true</rotDestroys>
      </li>
    </comps>
  </ThingDef>
  
  <!--<ThingDef ParentName="MealBase">
    <defName>KAM_Stir_fried_Sausage_Vegetables</defName>
    <label>쏘시지 야채볶음(쏘야)</label>
    <description>매일 말년들의 심장을 두근거리게 하는 소시지반찬입니다.</description>
    <graphicData>
      <texPath>Things/Item/tir_fried_Sausage_Vegetables</texPath>
      <graphicClass>Graphic_StackCount</graphicClass>
    </graphicData>
    <statBases>
      <DeteriorationRate>0.1</DeteriorationRate>
      <MarketValue>50</MarketValue>
      <Mass>0.3</Mass>
      <WorkToMake>450</WorkToMake>
      <Nutrition>1</Nutrition>
    </statBases>
    <ingestible>
      <preferability>MealSimple</preferability>
      <optimalityOffsetHumanlikes>0</optimalityOffsetHumanlikes>
      <optimalityOffsetFeedingAnimals>0</optimalityOffsetFeedingAnimals>
      <ingestEffect>EatVegetarian</ingestEffect>
      <ingestSound>Meal_Eat</ingestSound>
    </ingestible>
    <allowedArchonexusCount>40</allowedArchonexusCount>
  </ThingDef>-->
  
  <ThingDef ParentName="MealBase">
    <defName>KAM_instant_ramen</defName>
    <label>행군후 육개장</label>
    <description>행군후의 육개장입니다. 이 얼마나 달콤하겠습니다.</description>
    <graphicData>
      <texPath>Things/Item/Instant_Ramen</texPath>
      <graphicClass>Graphic_StackCount</graphicClass>
    </graphicData>
    <statBases>
      <DeteriorationRate>0.1</DeteriorationRate>
      <MarketValue>50</MarketValue>
      <Mass>0.3</Mass>
      <WorkToMake>450</WorkToMake>
      <Nutrition>1</Nutrition>
    </statBases>
    <ingestible>
      <preferability>MealSimple</preferability>
	  <tasteThought>KAM_ate_instant_ramen</tasteThought>
      <optimalityOffsetHumanlikes>0</optimalityOffsetHumanlikes>
      <optimalityOffsetFeedingAnimals>0</optimalityOffsetFeedingAnimals>
      <ingestEffect>EatVegetarian</ingestEffect>
      <ingestSound>Meal_Eat</ingestSound>
    </ingestible>
    <allowedArchonexusCount>40</allowedArchonexusCount>
	<tradeability>Buyable</tradeability>
	<comps>
      <li Class="CompProperties_Rottable">
        <daysToRotStart>2</daysToRotStart>
        <rotDestroys>true</rotDestroys>
      </li>
    </comps>
  </ThingDef>
  
    <ThingDef ParentName="MealBase">
    <defName>KAM_Militaria</defName>
    <label>군대리아</label>
    <description>매월 첫째주 일요일마다나오는 군대리아입니다.(고라니부대에선 요로케 나옵니다) 군대에서의 햄버거라니 얼마나 군인권 개선이 잘되었는지 보여줍니다.</description>
    <graphicData>
      <texPath>Things/Item/Milita_ryia</texPath>
      <graphicClass>Graphic_StackCount</graphicClass>
    </graphicData>
    <statBases>
      <DeteriorationRate>0.1</DeteriorationRate>
      <MarketValue>50</MarketValue>
      <Mass>0.3</Mass>
      <WorkToMake>450</WorkToMake>
      <Nutrition>1</Nutrition>
    </statBases>
    <ingestible>
      <preferability>MealSimple</preferability>
	  <tasteThought>KAM_ate_Militaria</tasteThought>
      <optimalityOffsetHumanlikes>0</optimalityOffsetHumanlikes>
      <optimalityOffsetFeedingAnimals>0</optimalityOffsetFeedingAnimals>
      <ingestEffect>EatVegetarian</ingestEffect>
      <ingestSound>Meal_Eat</ingestSound>
    </ingestible>
    <allowedArchonexusCount>40</allowedArchonexusCount>
	<comps>
      <li Class="CompProperties_Rottable">
        <daysToRotStart>2</daysToRotStart>
        <rotDestroys>true</rotDestroys>
      </li>
    </comps>
  </ThingDef>
  
    <ThingDef ParentName="MealBase">
    <defName>KAM_ppogeuli</defName>
    <label>뽀글이</label>
    <description>상병이나, 병장의 간단한 식사입니다.</description>
    <graphicData>
      <texPath>Things/Item/ppogeu_li</texPath>
      <graphicClass>Graphic_StackCount</graphicClass>
    </graphicData>
    <statBases>
      <DeteriorationRate>0.1</DeteriorationRate>
      <MarketValue>50</MarketValue>
      <Mass>0.3</Mass>
      <WorkToMake>450</WorkToMake>
      <Nutrition>1</Nutrition>
    </statBases>
    <ingestible>
      <preferability>MealSimple</preferability>
	  <tasteThought>KAM_ate_ppogeuli</tasteThought>
      <optimalityOffsetHumanlikes>0</optimalityOffsetHumanlikes>
      <optimalityOffsetFeedingAnimals>0</optimalityOffsetFeedingAnimals>
      <ingestEffect>EatVegetarian</ingestEffect>
      <ingestSound>Meal_Eat</ingestSound>
    </ingestible>
    <allowedArchonexusCount>40</allowedArchonexusCount>
	<tradeability>Buyable</tradeability>
	<comps>
      <li Class="CompProperties_Rottable">
        <daysToRotStart>2</daysToRotStart>
        <rotDestroys>true</rotDestroys>
      </li>
    </comps>
  </ThingDef>
  
</Defs>