<?xml version="1.0" encoding="utf-8" ?>
<Defs>
  
  <ThingDef ParentName="MedicineBase">
    <defName>No1219_First_aidkit</defName>
    <label>1219호 응급처치키트</label>
    <description>일반가정용 응급상자에 들어가있는것들 보다 성능이 뛰어난 약과 치료물품이 들어가있는 키트입니다.</description>
    <possessionCount>3</possessionCount>
    <graphicData>
      <texPath>Things/Item/NO.1219</texPath>
      <graphicClass>Graphic_StackCount</graphicClass>
      <drawSize>0.70</drawSize>
    </graphicData>
    <techLevel>Industrial</techLevel>
    <statBases>
      <MarketValue>30</MarketValue>
      <Mass>0.30</Mass>
      <Flammability>0.6</Flammability>
      <MedicalPotency>2</MedicalPotency>
      <MedicalQualityMax>1.00</MedicalQualityMax>
      <DeteriorationRate>2</DeteriorationRate>
      <WorkToMake>1050</WorkToMake>
    </statBases>
    <costList>
      <MedicineHerbal>2</MedicineHerbal>
      <Neutroamine>1</Neutroamine>
      <Cloth>7</Cloth>
	  <Steel>10</Steel>
    </costList>
    <recipeMaker>
      <workSpeedStat>DrugSynthesisSpeed</workSpeedStat>
      <workSkill>Intellectual</workSkill>
      <recipeUsers>
        <li>DrugLab</li>
      </recipeUsers>
      <researchPrerequisite>KAM_Medicine</researchPrerequisite>
      <skillRequirements>
        <Crafting>3</Crafting>
        <Intellectual>3</Intellectual>
      </skillRequirements>
      <bulkRecipeCount>4</bulkRecipeCount>
      <displayPriority>2000</displayPriority>
    </recipeMaker>
    <allowedArchonexusCount>10</allowedArchonexusCount>
  </ThingDef>

</Defs>