<?xml version="1.0" encoding="utf-8" ?>
<Defs>

<RecipeDef ParentName="CookMealBase">
    <defName>CookKAM_instant_ramen</defName>
    <label>육개장 끓이기</label>
    <description>육개장을 1개 끓입니다.</description>
    <jobString>육개장 끓이기.</jobString>
    <workSpeedStat>CookSpeed</workSpeedStat>
    <effectWorking>Cook</effectWorking>
    <soundWorking>Recipe_CookMeal</soundWorking>
    <allowMixingIngredients>true</allowMixingIngredients>
    <ingredientValueGetterClass>IngredientValueGetter_Nutrition</ingredientValueGetterClass>
    <ingredients>
      <li>
        <filter>
          <categories>
            <li>MeatRaw</li>
            <li>AnimalProductRaw</li>
          </categories>
        </filter>
        <count>0.20</count>
      </li>
      <li>
        <filter>
          <categories>
            <li>PlantFoodRaw</li>
          </categories>
        </filter>
        <count>0.20</count>
      </li>
    </ingredients>
    <products>
      <KAM_instant_ramen>1</KAM_instant_ramen>
    </products>
    <skillRequirements>
      <Cooking>6</Cooking>
    </skillRequirements>
    <researchPrerequisite>Simple_KAM_food</researchPrerequisite>
	<recipeUsers>
        <li>FueledStove</li>
        <li>ElectricStove</li>
    </recipeUsers>
  </RecipeDef>

  <RecipeDef ParentName="CookMealBase">
    <defName>CookKAM_instant_ramenBulk</defName>
    <label>육개장 4개 끓이기</label>
    <description>육개장을 4개 끓입니다</description>
    <jobString>육개장 4개 끓이기.</jobString>
    <workAmount>1440</workAmount>
    <workSpeedStat>CookSpeed</workSpeedStat>
    <effectWorking>Cook</effectWorking>
    <soundWorking>Recipe_CookMeal</soundWorking>
    <allowMixingIngredients>true</allowMixingIngredients>
    <ingredientValueGetterClass>IngredientValueGetter_Nutrition</ingredientValueGetterClass>
    <ingredients>
      <li>
        <filter>
          <categories>
            <li>MeatRaw</li>
            <li>AnimalProductRaw</li>
          </categories>
        </filter>
        <count>0.80</count>
      </li>
      <li>
        <filter>
          <categories>
            <li>PlantFoodRaw</li>
          </categories>
        </filter>
        <count>0.80</count>
      </li>
    </ingredients>
    <products>
      <KAM_instant_ramen>4</KAM_instant_ramen>
    </products>
    <skillRequirements>
      <Cooking>6</Cooking>
    </skillRequirements>
    <researchPrerequisite>Simple_KAM_food</researchPrerequisite>
	<recipeUsers>
        <li>FueledStove</li>
        <li>ElectricStove</li>
    </recipeUsers>
  </RecipeDef>
  
  <RecipeDef ParentName="CookMealBase">
    <defName>CookKAM_ppogeuli</defName>
    <label>뽀글이 끓이기</label>
    <description>뽀글이를 끓입니다.</description>
    <jobString>뽀글이 끓이기.</jobString>
    <workSpeedStat>CookSpeed</workSpeedStat>
    <effectWorking>Cook</effectWorking>
    <soundWorking>Recipe_CookMeal</soundWorking>
    <allowMixingIngredients>true</allowMixingIngredients>
    <ingredientValueGetterClass>IngredientValueGetter_Nutrition</ingredientValueGetterClass>
    <ingredients>
      <li>
        <filter>
          <categories>
            <li>MeatRaw</li>
          </categories>
        </filter>
        <count>0.10</count>
      </li>
      <li>
        <filter>
          <categories>
            <li>PlantFoodRaw</li>
          </categories>
        </filter>
        <count>0.50</count>
      </li>
    </ingredients>
    <products>
      <KAM_ppogeuli>1</KAM_ppogeuli>
    </products>
    <skillRequirements>
      <Cooking>6</Cooking>
    </skillRequirements>
    <researchPrerequisite>Simple_KAM_food</researchPrerequisite>
	<recipeUsers>
        <li>FueledStove</li>
        <li>ElectricStove</li>
    </recipeUsers>
  </RecipeDef>
  
    <RecipeDef ParentName="CookMealBase">
    <defName>CookKAM_ppogeuli_Bulk</defName>
    <label>말년용 뽀글이 끓이기</label>
    <description>말년용 뽀글이를 끓입니다.</description>
    <jobString>말년용 뽀글이 끓이기.</jobString>
    <workSpeedStat>CookSpeed</workSpeedStat>
    <effectWorking>Cook</effectWorking>
    <soundWorking>Recipe_CookMeal</soundWorking>
    <allowMixingIngredients>true</allowMixingIngredients>
    <ingredientValueGetterClass>IngredientValueGetter_Nutrition</ingredientValueGetterClass>
    <ingredients>
      <li>
        <filter>
          <categories>
            <li>MeatRaw</li>
          </categories>
        </filter>
        <count>0.40</count>
      </li>
      <li>
        <filter>
          <categories>
            <li>PlantFoodRaw</li>
          </categories>
        </filter>
        <count>2.00</count>
      </li>
    </ingredients>
    <products>
      <KAM_ppogeuli>4</KAM_ppogeuli>
    </products>
    <skillRequirements>
      <Cooking>6</Cooking>
    </skillRequirements>
    <researchPrerequisite>Simple_KAM_food</researchPrerequisite>
	<recipeUsers>
        <li>FueledStove</li>
        <li>ElectricStove</li>
    </recipeUsers>
  </RecipeDef>
  
    <RecipeDef ParentName="CookMealBase">
    <defName>CookKAM_Militaria</defName>
    <label>군대리아 4개 만들기</label>
    <description>군대리아 4개 제조합니다</description>
    <jobString>군대리아 4개 끓이기.</jobString>
    <workAmount>1440</workAmount>
    <workSpeedStat>CookSpeed</workSpeedStat>
    <effectWorking>Cook</effectWorking>
    <soundWorking>Recipe_CookMeal</soundWorking>
    <allowMixingIngredients>true</allowMixingIngredients>
    <ingredientValueGetterClass>IngredientValueGetter_Nutrition</ingredientValueGetterClass>
    <ingredients>
      <li>
        <filter>
          <categories>
            <li>MeatRaw</li>
            <li>AnimalProductRaw</li>
          </categories>
        </filter>
        <count>1.00</count>
      </li>
      <li>
        <filter>
          <categories>
            <li>PlantFoodRaw</li>
          </categories>
        </filter>
        <count>1.00</count>
      </li>
    </ingredients>
    <products>
      <KAM_Militaria>4</KAM_Militaria>
    </products>
    <skillRequirements>
      <Cooking>6</Cooking>
    </skillRequirements>
    <researchPrerequisite>Simple_KAM_food</researchPrerequisite>
	<recipeUsers>
        <li>FueledStove</li>
        <li>ElectricStove</li>
    </recipeUsers>
  </RecipeDef>
  
      <RecipeDef ParentName="CookMealBase">
    <defName>CookKAM_Militaria_Bulk</defName>
    <label>군대리아 16개 만들기</label>
    <description>군대리아 16개 제조합니다</description>
    <jobString>군대리아 16개 끓이기.</jobString>
    <workAmount>1440</workAmount>
    <workSpeedStat>CookSpeed</workSpeedStat>
    <effectWorking>Cook</effectWorking>
    <soundWorking>Recipe_CookMeal</soundWorking>
    <allowMixingIngredients>true</allowMixingIngredients>
    <ingredientValueGetterClass>IngredientValueGetter_Nutrition</ingredientValueGetterClass>
    <ingredients>
      <li>
        <filter>
          <categories>
            <li>MeatRaw</li>
            <li>AnimalProductRaw</li>
          </categories>
        </filter>
        <count>4.00</count>
      </li>
      <li>
        <filter>
          <categories>
            <li>PlantFoodRaw</li>
          </categories>
        </filter>
        <count>4.00</count>
      </li>
    </ingredients>
    <products>
      <KAM_Militaria>16</KAM_Militaria>
    </products>
    <skillRequirements>
      <Cooking>6</Cooking>
    </skillRequirements>
    <researchPrerequisite>Simple_KAM_food</researchPrerequisite>
	<recipeUsers>
        <li>FueledStove</li>
        <li>ElectricStove</li>
    </recipeUsers>
  </RecipeDef>
  
    <RecipeDef ParentName="CookMealBase">
    <defName>CookKAM_Biscuit_flakes</defName>
    <label>건빵 우유에 말기</label>
    <description>건빵을 우유에 맙니다.</description>
    <jobString>건플레이크 만들기.</jobString>
    <workSpeedStat>CookSpeed</workSpeedStat>
    <effectWorking>Cook</effectWorking>
    <soundWorking>Recipe_CookMeal</soundWorking>
    <allowMixingIngredients>true</allowMixingIngredients>
    <ingredientValueGetterClass>IngredientValueGetter_Nutrition</ingredientValueGetterClass>
    <ingredients>
      <li>
        <filter>
          <categories>
            <li>AnimalProductRaw</li>
          </categories>
        </filter>
        <count>0.20</count>
      </li>
      <li>
        <filter>
          <categories>
            <li>PlantFoodRaw</li>
          </categories>
        </filter>
        <count>0.30</count>
      </li>
    </ingredients>
    <products>
      <KAM_Biscuit_flakes>1</KAM_Biscuit_flakes>
    </products>
    <skillRequirements>
      <Cooking>6</Cooking>
    </skillRequirements>
    <researchPrerequisite>Simple_KAM_food</researchPrerequisite>
	<recipeUsers>
        <li>FueledStove</li>
        <li>ElectricStove</li>
    </recipeUsers>
  </RecipeDef>
  
    <RecipeDef ParentName="CookMealBase">
    <defName>CookKAM_Biscuit_flakes_Bulk</defName>
    <label>건빵 우유에 많이말기</label>
    <description>건빵을 우유에 많이맙니다.</description>
    <jobString>건빵을 우유에 말기.</jobString>
    <workSpeedStat>CookSpeed</workSpeedStat>
    <effectWorking>Cook</effectWorking>
    <soundWorking>Recipe_CookMeal</soundWorking>
    <allowMixingIngredients>true</allowMixingIngredients>
    <ingredientValueGetterClass>IngredientValueGetter_Nutrition</ingredientValueGetterClass>
    <ingredients>
      <li>
        <filter>
          <categories>
            <li>AnimalProductRaw</li>
          </categories>
        </filter>
        <count>0.80</count>
      </li>
      <li>
        <filter>
          <categories>
            <li>PlantFoodRaw</li>
          </categories>
        </filter>
        <count>1.20</count>
      </li>
    </ingredients>
    <products>
      <KAM_Biscuit_flakes>4</KAM_Biscuit_flakes>
    </products>
    <skillRequirements>
      <Cooking>6</Cooking>
    </skillRequirements>
    <researchPrerequisite>Simple_KAM_food</researchPrerequisite>
	<recipeUsers>
        <li>FueledStove</li>
        <li>ElectricStove</li>
    </recipeUsers>
  </RecipeDef>
  
    <RecipeDef ParentName="CookMealBase">
    <defName>CookKAM_Biscuit</defName>
    <label>건빵열기</label>
    <description>건빵을 엽니다.</description>
    <jobString>건빵 열기.</jobString>
    <workSpeedStat>CookSpeed</workSpeedStat>
    <effectWorking>Cook</effectWorking>
    <soundWorking>Recipe_CookMeal</soundWorking>
    <allowMixingIngredients>true</allowMixingIngredients>
    <ingredientValueGetterClass>IngredientValueGetter_Nutrition</ingredientValueGetterClass>
    <ingredients>
      <li>
        <filter>
          <categories>
            <li>MeatRaw</li>
          </categories>
        </filter>
        <count>0.10</count>
      </li>
      <li>
        <filter>
          <categories>
            <li>PlantFoodRaw</li>
          </categories>
        </filter>
        <count>0.50</count>
      </li>
    </ingredients>
    <products>
      <KAM_Biscuit>4</KAM_Biscuit>
    </products>
    <skillRequirements>
      <Cooking>1</Cooking>
    </skillRequirements>
    <researchPrerequisite>Simple_KAM_food</researchPrerequisite>
	<recipeUsers>
        <li>FueledStove</li>
        <li>ElectricStove</li>
    </recipeUsers>
  </RecipeDef>
  
  
  </Defs>