<?xml version="1.0" encoding="utf-8" ?>
<Defs>
	<FactionDef ParentName="FactionBase" Abstract="True" Name="KAM_PlayerFactionBase">
		<settlementTexturePath>World/WorldObjects/DefaultSettlement</settlementTexturePath>
		<playerInitialSettlementNameMaker>NamerInitialSettlementColony</playerInitialSettlementNameMaker>
		<colorSpectrum>
			<li>(0, 0.737, 0.847)</li>
		</colorSpectrum>
		<pawnSingular>보노루</pawnSingular>
		<pawnsPlural>보노루들</pawnsPlural>
	</FactionDef>
	<FactionDef ParentName="KAM_PlayerFactionBase">
		<defName>NewBonoru</defName>
		<label>보노루 신연방</label>
		<description>보노루들의 새로운연방입니다</description>
		<isPlayer>true</isPlayer>
		<basicMemberKind>Goranee_Conscripts</basicMemberKind>
		<factionNameMaker>Goranee_faction_rulepack_Army</factionNameMaker>
		<allowedCultures>
			<li>Astropolitan</li>
		</allowedCultures>
		<backstoryFilters>
			<li>
				<categories>
					<li>KAM_Backstory</li>
				</categories>
			</li>
		</backstoryFilters>
		<techLevel>Industrial</techLevel>
		<startingResearchTags>
			<li>ClassicStart</li>
		</startingResearchTags>
		<startingTechprintsResearchTags>
			<li>ClassicStart</li>
			<li>ClassicStartTechprints</li>
		</startingTechprintsResearchTags>
		<factionIconPath>Things/UI/Icons/faction/KAM_Faction_R</factionIconPath>
		<apparelStuffFilter>
			<thingDefs>
				<li>Synthread</li>
			</thingDefs>
		</apparelStuffFilter>
	</FactionDef>
  
  <!--==중앙군==-->
	<FactionDef ParentName="FactionBase" Name="KAM_FactionBase" Abstract="True">
		<pawnSingular>보노루</pawnSingular>
		<pawnsPlural>보노루들</pawnsPlural>
		<listOrderPriority>50</listOrderPriority>
		<settlementGenerationWeight>1</settlementGenerationWeight>
		<requiredCountAtGameStart>1</requiredCountAtGameStart>
		<humanlikeFaction>true</humanlikeFaction>
		<canUseAvoidGrid>true</canUseAvoidGrid>
		<canMakeRandomly>true</canMakeRandomly>
		<leaderTitle>commender</leaderTitle>
		<factionNameMaker>Goranee_faction_rulepack_Army</factionNameMaker>
		<settlementNameMaker>Namer_Settlement_Goranee_Army</settlementNameMaker>
		<canSiege>true</canSiege>
		<canStageAttacks>true</canStageAttacks>
		<factionIconPath>Things/UI/Icons/faction/KAM_Faction</factionIconPath>
		<settlementTexturePath>Things/UI/Icons/faction/KAM_DefaultColony</settlementTexturePath>
		<techLevel>Spacer</techLevel>
		<backstoryFilters>
			<li>
				<categories>
					<li>KAM_Backstory</li>
				</categories>
			</li>
		</backstoryFilters>
		<raidLootMaker>OutlanderRaidLootMaker</raidLootMaker>
		<allowedCultures>
			<li>Astropolitan</li>
		</allowedCultures>
		<requiredMemes>
			<li MayRequire="Ludeon.RimWorld.Ideology">Loyalist</li>
		</requiredMemes>
		<!--<allowedMemes>
			<li MayRequire="Ludeon.RimWorld.Ideology">Loyalist</li>
		</allowedMemes>-->
		<disallowedMemes>
			<li MayRequire="Ludeon.RimWorld.Ideology">FleshPurity</li>
			<li MayRequire="Ludeon.RimWorld.Ideology">Nudism</li>
			<li MayRequire="Ludeon.RimWorld.Ideology">MaleSupremacy</li>
			<li MayRequire="Ludeon.RimWorld.Ideology">FemaleSupremacy</li>
			<li MayRequire="Ludeon.RimWorld.Ideology">Raider</li>
			<li MayRequire="Ludeon.RimWorld.Ideology">PainIsVirtue</li>
			<li MayRequire="Ludeon.RimWorld.Ideology">Cannibal</li>
			<li MayRequire="Ludeon.RimWorld.Ideology">Darkness</li>
			<li MayRequire="Ludeon.RimWorld.Ideology">Blindsight</li>
			<li MayRequire="Ludeon.RimWorld.Ideology">Tunneler</li>
			<li MayRequire="Ludeon.RimWorld.Ideology">TreeConnection</li>
			<li MayRequire="Ludeon.RimWorld.Ideology">AnimalPersonhood</li>
			<li MayRequire="Ludeon.RimWorld.Ideology">Transhumanist</li>
			<li MayRequire="Ludeon.RimWorld.Ideology">HighLife</li>
			<li MayRequire="Ludeon.RimWorld.Biotech">Bloodfeeding</li>
			<li MayRequire="Ludeon.RimWorld.Ideology">Guilty</li>
		</disallowedMemes>
		<disallowedPrecepts>
			<li MayRequire="Ludeon.RimWorld.Ideology">ApparelDesired_Strong_Subordinate</li>
			<li MayRequire="Ludeon.RimWorld.Ideology">ApparelDesired_Soft_Subordinate</li>
		</disallowedPrecepts>
		<structureMemeWeights>
			<Structure_Animist MayRequire="Ludeon.RimWorld.Ideology">4</Structure_Animist>
		</structureMemeWeights>
		<configurationListOrderPriority>32</configurationListOrderPriority>
		<maxConfigurableAtWorldCreation>1</maxConfigurableAtWorldCreation>
		<xenotypeSet MayRequire="Ludeon.RimWorld.Biotech" Inherit="False">
			<xenotypeChances MayRequire="Ludeon.RimWorld.Biotech">
				<Goranee MayRequire="Ludeon.RimWorld.Biotech">999</Goranee>
				<Genie MayRequire="Ludeon.RimWorld.Biotech">0</Genie>
				<Dirtmole MayRequire="Ludeon.RimWorld.Biotech">0</Dirtmole>
				<Hussar MayRequire="Ludeon.RimWorld.Biotech">0</Hussar>
				<Neanderthal MayRequire="Ludeon.RimWorld.Biotech">0</Neanderthal>
				<Pigskin MayRequire="Ludeon.RimWorld.Biotech">0</Pigskin>
				<Waster MayRequire="Ludeon.RimWorld.Biotech">0</Waster>
				<Impid MayRequire="Ludeon.RimWorld.Biotech">0</Impid>
				<Yttakin MayRequire="Ludeon.RimWorld.Biotech">0</Yttakin>
				<Highmate MayRequire="Ludeon.RimWorld.Biotech">0</Highmate>
			</xenotypeChances>
		</xenotypeSet>
		<caravanTraderKinds>
			<li>Caravan_Outlander_CombatSupplier</li>
			<li>Caravan_Outlander_BulkGoods</li>
		</caravanTraderKinds>
		<visitorTraderKinds>
			<li>Visitor_Outlander_Standard</li>
		</visitorTraderKinds>
		<baseTraderKinds>
			<li>Base_Outlander_Standard</li>
		</baseTraderKinds>
		<allowedArrivalTemperatureRange>-75~29</allowedArrivalTemperatureRange>
		<maxPawnCostPerTotalPointsCurve>
			<points>
				<li>(0,35)</li>
				<li>(70, 50)</li>
				<li>(700, 100)</li>
				<li>(1300, 150)</li>
				<li>(100000, 10000)</li>
			</points>
		</maxPawnCostPerTotalPointsCurve>
		<pawnGroupMakers Inherit="false">
			<!--정찰소대-->
			<li>
				<kindDef>Combat</kindDef>
				<commonality>80</commonality>
				<maxTotalPoints>500</maxTotalPoints>
				<disallowedStrategies>
				</disallowedStrategies>
				<options>
					<Goranee_Conscripts>2</Goranee_Conscripts>
					<Goranee_Scout>1</Goranee_Scout>
				</options>
			</li>
			<!--전투정찰소대-->
			<li>
				<kindDef>Combat</kindDef>
				<commonality>70</commonality>
				<maxTotalPoints>2000</maxTotalPoints>
				<disallowedStrategies>
				</disallowedStrategies>
				<options>
					<Goranee_Conscripts>6</Goranee_Conscripts>
					<Goranee_High_veterans>1</Goranee_High_veterans>
					<Goranee_Scout>4</Goranee_Scout>
				</options>
			</li>
			<!--공격소대-->
			<li>
				<kindDef>Combat</kindDef>
				<commonality>60</commonality>
				<maxTotalPoints>3500</maxTotalPoints>
				<disallowedStrategies>
				</disallowedStrategies>
				<options>
					<Goranee_Conscripts>7</Goranee_Conscripts>
					<Goranee_High_veterans>4</Goranee_High_veterans>
					<Goranee_Scout>2</Goranee_Scout>
					<Goranee_Adverb>3</Goranee_Adverb>
					<Goranee_Officer>1</Goranee_Officer>
				</options>
			</li>
			<!--공격중대-->
			<li>
				<kindDef>Combat</kindDef>
				<commonality>50</commonality>
				<maxTotalPoints>4700</maxTotalPoints>
				<disallowedStrategies>
				</disallowedStrategies>
				<options>
					<Goranee_Conscripts>11</Goranee_Conscripts>
					<Goranee_High_veterans>7</Goranee_High_veterans>
					<Goranee_Scout>2</Goranee_Scout>
					<Goranee_Adverb>4</Goranee_Adverb>
					<Goranee_Officer>2</Goranee_Officer>
				</options>
			</li>
			<!--척탄공격중대-->
			<li>
				<kindDef>Combat</kindDef>
				<commonality>50</commonality>
				<maxTotalPoints>5000</maxTotalPoints>
				<disallowedStrategies>
				</disallowedStrategies>
				<options>
					<Goranee_Conscripts>11</Goranee_Conscripts>
					<Goranee_High_veterans>7</Goranee_High_veterans>
					<Goranee_Fighter_Grenadier>2</Goranee_Fighter_Grenadier>
					<Goranee_Adverb>4</Goranee_Adverb>
					<Goranee_Officer>2</Goranee_Officer>
				</options>
			</li>
			<!--공격대대-->
			<li>
				<kindDef>Combat</kindDef>
				<commonality>20</commonality>
				<maxTotalPoints>7000</maxTotalPoints>
				<disallowedStrategies>
				</disallowedStrategies>
				<options>
					<Goranee_Conscripts>11</Goranee_Conscripts>
					<Goranee_High_veterans>7</Goranee_High_veterans>
					<Goranee_Scout>3</Goranee_Scout>
					<Goranee_Adverb>4</Goranee_Adverb>
					<Goranee_Officer>2</Goranee_Officer>
				</options>
			</li>
			<!--척탄병추가공격대대-->
			<li>
				<kindDef>Combat</kindDef>
				<commonality>20</commonality>
				<maxTotalPoints>7500</maxTotalPoints>
				<disallowedStrategies>
				</disallowedStrategies>
				<options>
					<Goranee_Conscripts>11</Goranee_Conscripts>
					<Goranee_High_veterans>7</Goranee_High_veterans>
					<Goranee_Fighter_Grenadier>3</Goranee_Fighter_Grenadier>
					<Goranee_Adverb>4</Goranee_Adverb>
					<Goranee_Officer>2</Goranee_Officer>
				</options>
			</li>
			<!--최후의공격-->
			<li>
				<kindDef>Combat</kindDef>
				<commonality>10</commonality>
				<maxTotalPoints>8000</maxTotalPoints>
				<disallowedStrategies>
				</disallowedStrategies>
				<options>
					<Goranee_Conscripts>23</Goranee_Conscripts>
					<Goranee_High_veterans>12</Goranee_High_veterans>
					<Goranee_Scout>8</Goranee_Scout>
					<Goranee_Adverb>10</Goranee_Adverb>
					<Goranee_Officer>4</Goranee_Officer>
				</options>
			</li>
			<!--총공세-->
			<li>
				<kindDef>Combat</kindDef>
				<commonality>10</commonality>
				<maxTotalPoints>10000</maxTotalPoints>
				<disallowedStrategies>
				</disallowedStrategies>
				<options>
					<Goranee_Conscripts>17</Goranee_Conscripts>
					<Goranee_High_veterans>19</Goranee_High_veterans>
					<Goranee_Scout>5</Goranee_Scout>
					<Goranee_Adverb>4</Goranee_Adverb>
					<Goranee_Officer>7</Goranee_Officer>
				</options>
			</li>

			<!--방어-->
			<li>
			    <kindDef>Settlement</kindDef>
			    <commonality>10</commonality>
			    <options>
				   <Goranee_Conscripts>10</Goranee_Conscripts>
				   <Goranee_High_veterans>7</Goranee_High_veterans>
				   <Goranee_Villager>6</Goranee_Villager>
			    </options>
			</li>
			<!-- 평화-->
			<li>
			<kindDef>Peaceful</kindDef>
			<commonality>10</commonality>
			<options>
				<Goranee_Conscripts>10</Goranee_Conscripts>
				<Goranee_High_veterans>7</Goranee_High_veterans>
				<Goranee_Villager>6</Goranee_Villager>
			</options>
			</li>
			<!--상단-->
			<li>
				<kindDef>Trader</kindDef>
				<traders>
					<Town_Trader>1</Town_Trader>
				</traders>
				<carriers>
					<Muffalo>5</Muffalo>
					<Alpaca>2</Alpaca>
				</carriers>
				<guards>
					<Goranee_Conscripts>4</Goranee_Conscripts>
					<Goranee_Villager>6</Goranee_Villager>
				</guards>
			</li>
		</pawnGroupMakers>
	</FactionDef>
	<FactionDef ParentName="KAM_FactionBase">
		<defName>KAM_NewABonoru</defName>
		<label>보노루 중앙군사령부</label>
		<description>보노루 연방에서 떨어져나온 군부 사령부입니다.</description>
		<colorSpectrum>
			<li>(1, 1, 1)</li>
			<li>(1, 1, 1)</li>
		</colorSpectrum>
		<naturalEnemy>true</naturalEnemy>
	</FactionDef>
	<!--==중앙정부==-->
		<FactionDef ParentName="FactionBase" Name="KAM_FactionBase_Republic" Abstract="True">
		<pawnSingular>자유보노루</pawnSingular>
		<pawnsPlural>자유보노루들</pawnsPlural>
		<listOrderPriority>50</listOrderPriority>
		<settlementGenerationWeight>1</settlementGenerationWeight>
		<requiredCountAtGameStart>1</requiredCountAtGameStart>
		<humanlikeFaction>true</humanlikeFaction>
		<canUseAvoidGrid>true</canUseAvoidGrid>
		<canMakeRandomly>true</canMakeRandomly>
		<leaderTitle>President</leaderTitle>
		<factionNameMaker>Goranee_faction_rulepack_Republic</factionNameMaker>
		<settlementNameMaker>Namer_Settlement_Goranee_Republic</settlementNameMaker>
		<canSiege>true</canSiege>
		<canStageAttacks>true</canStageAttacks>
		<factionIconPath>Things/UI/Icons/faction/KAM_Faction_R</factionIconPath>
		<settlementTexturePath>Things/UI/Icons/faction/KAM_DefaultColony_R</settlementTexturePath>
		<techLevel>Spacer</techLevel>
		<backstoryFilters>
			<li>
				<categories>
					<li>KAM_Backstory</li>
				</categories>
			</li>
		</backstoryFilters>
		<raidLootMaker>OutlanderRaidLootMaker</raidLootMaker>
		<allowedCultures>
			<li>Astropolitan</li>
		</allowedCultures>
		<requiredMemes>
			<li MayRequire="Ludeon.RimWorld.Ideology">Loyalist</li>
		</requiredMemes>
		<!--<allowedMemes>
			<li MayRequire="Ludeon.RimWorld.Ideology">Loyalist</li>
		</allowedMemes>-->
		<disallowedMemes>
			<li MayRequire="Ludeon.RimWorld.Ideology">FleshPurity</li>
			<li MayRequire="Ludeon.RimWorld.Ideology">Nudism</li>
			<li MayRequire="Ludeon.RimWorld.Ideology">MaleSupremacy</li>
			<li MayRequire="Ludeon.RimWorld.Ideology">FemaleSupremacy</li>
			<li MayRequire="Ludeon.RimWorld.Ideology">Raider</li>
			<li MayRequire="Ludeon.RimWorld.Ideology">PainIsVirtue</li>
			<li MayRequire="Ludeon.RimWorld.Ideology">Cannibal</li>
			<li MayRequire="Ludeon.RimWorld.Ideology">Darkness</li>
			<li MayRequire="Ludeon.RimWorld.Ideology">Blindsight</li>
			<li MayRequire="Ludeon.RimWorld.Ideology">Tunneler</li>
			<li MayRequire="Ludeon.RimWorld.Ideology">TreeConnection</li>
			<li MayRequire="Ludeon.RimWorld.Ideology">AnimalPersonhood</li>
			<li MayRequire="Ludeon.RimWorld.Ideology">Transhumanist</li>
			<li MayRequire="Ludeon.RimWorld.Ideology">HighLife</li>
			<li MayRequire="Ludeon.RimWorld.Biotech">Bloodfeeding</li>
			<li MayRequire="Ludeon.RimWorld.Ideology">Guilty</li>
		</disallowedMemes>
		<disallowedPrecepts>
			<li MayRequire="Ludeon.RimWorld.Ideology">ApparelDesired_Strong_Subordinate</li>
			<li MayRequire="Ludeon.RimWorld.Ideology">ApparelDesired_Soft_Subordinate</li>
		</disallowedPrecepts>
		<structureMemeWeights>
			<Structure_Animist MayRequire="Ludeon.RimWorld.Ideology">4</Structure_Animist>
		</structureMemeWeights>
		<configurationListOrderPriority>32</configurationListOrderPriority>
		<maxConfigurableAtWorldCreation>1</maxConfigurableAtWorldCreation>
		<xenotypeSet MayRequire="Ludeon.RimWorld.Biotech" Inherit="False">
			<xenotypeChances MayRequire="Ludeon.RimWorld.Biotech">
				<Goranee MayRequire="Ludeon.RimWorld.Biotech">999</Goranee>
				<Genie MayRequire="Ludeon.RimWorld.Biotech">0</Genie>
				<Dirtmole MayRequire="Ludeon.RimWorld.Biotech">0</Dirtmole>
				<Hussar MayRequire="Ludeon.RimWorld.Biotech">0</Hussar>
				<Neanderthal MayRequire="Ludeon.RimWorld.Biotech">0</Neanderthal>
				<Pigskin MayRequire="Ludeon.RimWorld.Biotech">0</Pigskin>
				<Waster MayRequire="Ludeon.RimWorld.Biotech">0</Waster>
				<Impid MayRequire="Ludeon.RimWorld.Biotech">0</Impid>
				<Yttakin MayRequire="Ludeon.RimWorld.Biotech">0</Yttakin>
				<Highmate MayRequire="Ludeon.RimWorld.Biotech">0</Highmate>
			</xenotypeChances>
		</xenotypeSet>
		<caravanTraderKinds>
			<li>Caravan_Outlander_CombatSupplier</li>
			<li>Caravan_Outlander_BulkGoods</li>
		</caravanTraderKinds>
		<visitorTraderKinds>
			<li>Visitor_Outlander_Standard</li>
		</visitorTraderKinds>
		<baseTraderKinds>
			<li>Base_Outlander_Standard</li>
		</baseTraderKinds>
		<allowedArrivalTemperatureRange>-75~29</allowedArrivalTemperatureRange>
		<maxPawnCostPerTotalPointsCurve>
			<points>
				<li>(0,35)</li>
				<li>(70, 50)</li>
				<li>(700, 100)</li>
				<li>(1300, 150)</li>
				<li>(100000, 10000)</li>
			</points>
		</maxPawnCostPerTotalPointsCurve>
		<pawnGroupMakers Inherit="false">
			<!--정찰소대-->
			<!--<li>
				<kindDef>Combat</kindDef>
				<commonality>80</commonality>
				<maxTotalPoints>1</maxTotalPoints>
				<disallowedStrategies>
				</disallowedStrategies>
				<options>
					<Goranee_Scout_R>1</Goranee_Scout_R>
				</options>
			</li>-->
			<!--정찰소대-->
			<li>
				<kindDef>Combat</kindDef>
				<commonality>80</commonality>
				<maxTotalPoints>500</maxTotalPoints>
				<disallowedStrategies>
				</disallowedStrategies>
				<options>
					<Goranee_Conscripts_R>1</Goranee_Conscripts_R>
					<Goranee_Scout_R>1</Goranee_Scout_R>
				</options>
			</li>
			<!--전투정찰소대-->
			<li>
				<kindDef>Combat</kindDef>
				<commonality>70</commonality>
				<maxTotalPoints>2000</maxTotalPoints>
				<disallowedStrategies>
				</disallowedStrategies>
				<options>
					<Goranee_Conscripts_R>4</Goranee_Conscripts_R>
					<Goranee_High_veterans_R>1</Goranee_High_veterans_R>
					<Goranee_Scout_R>2</Goranee_Scout_R>
				</options>
			</li>
			<!--공격소대-->
			<li>
				<kindDef>Combat</kindDef>
				<commonality>60</commonality>
				<maxTotalPoints>3500</maxTotalPoints>
				<disallowedStrategies>
				</disallowedStrategies>
				<options>
					<Goranee_Conscripts_R>5</Goranee_Conscripts_R>
					<Goranee_High_veterans_R>3</Goranee_High_veterans_R>
					<Goranee_Scout_R>2</Goranee_Scout_R>
					<Goranee_Adverb_R>3</Goranee_Adverb_R>
					<Goranee_Officer_R>1</Goranee_Officer_R>
				</options>
			</li>
			<!--공격중대-->
			<li>
				<kindDef>Combat</kindDef>
				<commonality>50</commonality>
				<maxTotalPoints>4700</maxTotalPoints>
				<disallowedStrategies>
				</disallowedStrategies>
				<options>
					<Goranee_Conscripts_R>10</Goranee_Conscripts_R>
					<Goranee_High_veterans_R>4</Goranee_High_veterans_R>
					<Goranee_Scout_R>2</Goranee_Scout_R>
					<Goranee_Adverb_R>4</Goranee_Adverb_R>
					<Goranee_Officer_R>2</Goranee_Officer_R>
				</options>
			</li>
			<!--척탄공격중대-->
			<li>
				<kindDef>Combat</kindDef>
				<commonality>50</commonality>
				<maxTotalPoints>5000</maxTotalPoints>
				<disallowedStrategies>
				</disallowedStrategies>
				<options>
					<Goranee_Conscripts_R>10</Goranee_Conscripts_R>
					<Goranee_High_veterans_R>7</Goranee_High_veterans_R>
					<Goranee_Fighter_Grenadier_R>2</Goranee_Fighter_Grenadier_R>
					<Goranee_Adverb_R>4</Goranee_Adverb_R>
					<Goranee_Officer_R>2</Goranee_Officer_R>
				</options>
			</li>
			<!--공격대대-->
			<li>
				<kindDef>Combat</kindDef>
				<commonality>20</commonality>
				<maxTotalPoints>7000</maxTotalPoints>
				<disallowedStrategies>
				</disallowedStrategies>
				<options>
					<Goranee_Conscripts_R>10</Goranee_Conscripts_R>
					<Goranee_High_veterans_R>4</Goranee_High_veterans_R>
					<Goranee_Scout_R>3</Goranee_Scout_R>
					<Goranee_Adverb_R>4</Goranee_Adverb_R>
					<Goranee_Officer_R>2</Goranee_Officer_R>
				</options>
			</li>
			<!--척탄병추가공격대대-->
			<li>
				<kindDef>Combat</kindDef>
				<commonality>20</commonality>
				<maxTotalPoints>7500</maxTotalPoints>
				<disallowedStrategies>
				</disallowedStrategies>
				<options>
					<Goranee_Conscripts_R>10</Goranee_Conscripts_R>
					<Goranee_High_veterans_R>4</Goranee_High_veterans_R>
					<Goranee_Fighter_Grenadier_R>3</Goranee_Fighter_Grenadier_R>
					<Goranee_Adverb_R>4</Goranee_Adverb_R>
					<Goranee_Officer_R>2</Goranee_Officer_R>
				</options>
			</li>
			<!--최후의공격-->
			<li>
				<kindDef>Combat</kindDef>
				<commonality>10</commonality>
				<maxTotalPoints>8000</maxTotalPoints>
				<disallowedStrategies>
				</disallowedStrategies>
				<options>
					<Goranee_Conscripts_R>18</Goranee_Conscripts_R>
					<Goranee_High_veterans_R>10</Goranee_High_veterans_R>
					<Goranee_Scout_R>6</Goranee_Scout_R>
					<Goranee_Adverb_R>8</Goranee_Adverb_R>
					<Goranee_Officer_R>4</Goranee_Officer_R>
				</options>
			</li>
			<!--총공세-->
			<li>
				<kindDef>Combat</kindDef>
				<commonality>10</commonality>
				<maxTotalPoints>10000</maxTotalPoints>
				<disallowedStrategies>
				</disallowedStrategies>
				<options>
					<Goranee_Conscripts_R>14</Goranee_Conscripts_R>
					<Goranee_High_veterans_R>15</Goranee_High_veterans_R>
					<Goranee_Scout_R>5</Goranee_Scout_R>
					<Goranee_Adverb_R>4</Goranee_Adverb_R>
					<Goranee_Officer_R>7</Goranee_Officer_R>
				</options>
			</li>

			<!--방어-->
			<li>
			    <kindDef>Settlement</kindDef>
			    <commonality>10</commonality>
			    <options>
				   <Goranee_Conscripts_R>10</Goranee_Conscripts_R>
				   <Goranee_High_veterans_R>7</Goranee_High_veterans_R>
				   <Goranee_Villager_R>6</Goranee_Villager_R>
			    </options>
			</li>
			<!-- 평화-->
			<li>
			<kindDef>Peaceful</kindDef>
			<commonality>10</commonality>
			<options>
				<Goranee_Conscripts_R>10</Goranee_Conscripts_R>
				<Goranee_High_veterans_R>7</Goranee_High_veterans_R>
				<Goranee_Villager_R>6</Goranee_Villager_R>
			</options>
			</li>
			<!--상단-->
			<li>
				<kindDef>Trader</kindDef>
				<traders>
					<Town_Trader>1</Town_Trader>
				</traders>
				<carriers>
					<Muffalo>5</Muffalo>
					<Alpaca>2</Alpaca>
				</carriers>
				<guards>
					<Goranee_Conscripts_R>4</Goranee_Conscripts_R>
					<Goranee_Villager_R>6</Goranee_Villager_R>
				</guards>
			</li>
		</pawnGroupMakers>
	</FactionDef>
	<FactionDef ParentName="KAM_FactionBase_Republic">
		<defName>KAM_NewRBonoru</defName>
		<label>보노루 연방정부</label>
		<description>보노루 연방의 잔존 세력입니다. 사실 보노루 연방에서 떨어져나온 중도-민주 성향의 국가입니다.</description>
		<colorSpectrum>
			<li>(1, 1, 1)</li>
			<li>(1, 1, 1)</li>
		</colorSpectrum>
		<naturalEnemy>false</naturalEnemy>
	</FactionDef>

	<!--==PMC==-->
	
	<!--==나치정부==-->
		<FactionDef ParentName="FactionBase" Name="KAM_FactionBase_NSB" Abstract="True">
		<pawnSingular>나치보노루</pawnSingular>
		<pawnsPlural>나치보노루들</pawnsPlural>
		<listOrderPriority>50</listOrderPriority>
		<settlementGenerationWeight>1</settlementGenerationWeight>
		<requiredCountAtGameStart>1</requiredCountAtGameStart>
		<humanlikeFaction>true</humanlikeFaction>
		<canUseAvoidGrid>true</canUseAvoidGrid>
		<canMakeRandomly>true</canMakeRandomly>
		<leaderTitle>찬애하는 총통각하	</leaderTitle>
		<factionNameMaker>Goranee_faction_rulepack_NSB</factionNameMaker>
		<settlementNameMaker>Namer_Settlement_Goranee_NSB</settlementNameMaker>
		<canSiege>true</canSiege>
		<canStageAttacks>true</canStageAttacks>
		<autoFlee>false</autoFlee>
		<factionIconPath>Things/UI/Icons/faction/KAM_Faction_N</factionIconPath>
		<settlementTexturePath>Things/UI/Icons/faction/KAM_DefaultColony_N</settlementTexturePath>
		<techLevel>Spacer</techLevel>
		<backstoryFilters>
			<li>
				<categories>
					<li>KAM_Backstory</li>
				</categories>
			</li>
		</backstoryFilters>
		<raidLootMaker>OutlanderRaidLootMaker</raidLootMaker>
		<allowedCultures>
			<li>Astropolitan</li>
		</allowedCultures>
		<requiredMemes>
			<li MayRequire="Ludeon.RimWorld.Ideology">Loyalist</li>
		</requiredMemes>
		<!--<allowedMemes>
			<li MayRequire="Ludeon.RimWorld.Ideology">Loyalist</li>
		</allowedMemes>-->
		<disallowedMemes>
			<li MayRequire="Ludeon.RimWorld.Ideology">FleshPurity</li>
			<li MayRequire="Ludeon.RimWorld.Ideology">Nudism</li>
			<li MayRequire="Ludeon.RimWorld.Ideology">MaleSupremacy</li>
			<li MayRequire="Ludeon.RimWorld.Ideology">FemaleSupremacy</li>
			<li MayRequire="Ludeon.RimWorld.Ideology">Raider</li>
			<li MayRequire="Ludeon.RimWorld.Ideology">PainIsVirtue</li>
			<li MayRequire="Ludeon.RimWorld.Ideology">Cannibal</li>
			<li MayRequire="Ludeon.RimWorld.Ideology">Darkness</li>
			<li MayRequire="Ludeon.RimWorld.Ideology">Blindsight</li>
			<li MayRequire="Ludeon.RimWorld.Ideology">Tunneler</li>
			<li MayRequire="Ludeon.RimWorld.Ideology">TreeConnection</li>
			<li MayRequire="Ludeon.RimWorld.Ideology">AnimalPersonhood</li>
			<li MayRequire="Ludeon.RimWorld.Ideology">Transhumanist</li>
			<li MayRequire="Ludeon.RimWorld.Ideology">HighLife</li>
			<li MayRequire="Ludeon.RimWorld.Biotech">Bloodfeeding</li>
			<li MayRequire="Ludeon.RimWorld.Ideology">Guilty</li>
		</disallowedMemes>
		<disallowedPrecepts>
			<li MayRequire="Ludeon.RimWorld.Ideology">ApparelDesired_Strong_Subordinate</li>
			<li MayRequire="Ludeon.RimWorld.Ideology">ApparelDesired_Soft_Subordinate</li>
		</disallowedPrecepts>
		<structureMemeWeights>
			<Structure_Animist MayRequire="Ludeon.RimWorld.Ideology">4</Structure_Animist>
		</structureMemeWeights>
		<configurationListOrderPriority>32</configurationListOrderPriority>
		<maxConfigurableAtWorldCreation>1</maxConfigurableAtWorldCreation>
		<xenotypeSet MayRequire="Ludeon.RimWorld.Biotech" Inherit="False">
			<xenotypeChances MayRequire="Ludeon.RimWorld.Biotech">
				<Goranee MayRequire="Ludeon.RimWorld.Biotech">999</Goranee>
				<Genie MayRequire="Ludeon.RimWorld.Biotech">0</Genie>
				<Dirtmole MayRequire="Ludeon.RimWorld.Biotech">0</Dirtmole>
				<Hussar MayRequire="Ludeon.RimWorld.Biotech">0</Hussar>
				<Neanderthal MayRequire="Ludeon.RimWorld.Biotech">0</Neanderthal>
				<Pigskin MayRequire="Ludeon.RimWorld.Biotech">0</Pigskin>
				<Waster MayRequire="Ludeon.RimWorld.Biotech">0</Waster>
				<Impid MayRequire="Ludeon.RimWorld.Biotech">0</Impid>
				<Yttakin MayRequire="Ludeon.RimWorld.Biotech">0</Yttakin>
				<Highmate MayRequire="Ludeon.RimWorld.Biotech">0</Highmate>
			</xenotypeChances>
		</xenotypeSet>
		<caravanTraderKinds>
			<li>Caravan_Outlander_CombatSupplier</li>
			<li>Caravan_Outlander_BulkGoods</li>
		</caravanTraderKinds>
		<visitorTraderKinds>
			<li>Visitor_Outlander_Standard</li>
		</visitorTraderKinds>
		<baseTraderKinds>
			<li>Base_Outlander_Standard</li>
		</baseTraderKinds>
		<allowedArrivalTemperatureRange>-75~29</allowedArrivalTemperatureRange>
		<maxPawnCostPerTotalPointsCurve>
			<points>
				<li>(0,35)</li>
				<li>(70, 50)</li>
				<li>(700, 100)</li>
				<li>(1300, 150)</li>
				<li>(100000, 10000)</li>
			</points>
		</maxPawnCostPerTotalPointsCurve>
		<pawnGroupMakers Inherit="false">
			<!--정찰소대-->
			<li>
				<kindDef>Combat</kindDef>
				<commonality>80</commonality>
				<maxTotalPoints>500</maxTotalPoints>
				<disallowedStrategies>
				</disallowedStrategies>
				<options>
					<Goranee_Conscripts_N>1</Goranee_Conscripts_N>
					<Goranee_Scout_N>1</Goranee_Scout_N>
				</options>
			</li>
			<!--전투정찰소대-->
			<li>
				<kindDef>Combat</kindDef>
				<commonality>70</commonality>
				<maxTotalPoints>2000</maxTotalPoints>
				<disallowedStrategies>
				</disallowedStrategies>
				<options>
					<Goranee_Conscripts_N>2</Goranee_Conscripts_N>
					<Goranee_High_veterans_N>1</Goranee_High_veterans_N>
					<Goranee_Scout_N>1</Goranee_Scout_N>
				</options>
			</li>
			<!--공격소대-->
			<li>
				<kindDef>Combat</kindDef>
				<commonality>60</commonality>
				<maxTotalPoints>3500</maxTotalPoints>
				<disallowedStrategies>
				</disallowedStrategies>
				<options>
					<Goranee_Conscripts_N>3</Goranee_Conscripts_N>
					<Goranee_High_veterans_N>2</Goranee_High_veterans_N>
					<Goranee_Scout_N>1</Goranee_Scout_N>
					<Goranee_Adverb_N>2</Goranee_Adverb_N>
					<Goranee_Officer_N>1</Goranee_Officer_N>
				</options>
			</li>
			<!--공격중대-->
			<li>
				<kindDef>Combat</kindDef>
				<commonality>50</commonality>
				<maxTotalPoints>4700</maxTotalPoints>
				<disallowedStrategies>
				</disallowedStrategies>
				<options>
					<Goranee_Conscripts_N>5</Goranee_Conscripts_N>
					<Goranee_High_veterans_N>2</Goranee_High_veterans_N>
					<Goranee_Scout_N>1</Goranee_Scout_N>
					<Goranee_Adverb_N>2</Goranee_Adverb_N>
					<Goranee_Officer_N>1</Goranee_Officer_N>
				</options>
			</li>
			<!--척탄공격중대-->
			<li>
				<kindDef>Combat</kindDef>
				<commonality>50</commonality>
				<maxTotalPoints>5000</maxTotalPoints>
				<disallowedStrategies>
				</disallowedStrategies>
				<options>
					<Goranee_Conscripts_N>5</Goranee_Conscripts_N>
					<Goranee_High_veterans_N>4</Goranee_High_veterans_N>
					<Goranee_Fighter_Grenadier_N>1</Goranee_Fighter_Grenadier_N>
					<Goranee_Adverb_N>2</Goranee_Adverb_N>
					<Goranee_Officer_N>1</Goranee_Officer_N>
				</options>
			</li>
			<!--공격대대-->
			<li>
				<kindDef>Combat</kindDef>
				<commonality>20</commonality>
				<maxTotalPoints>7000</maxTotalPoints>
				<disallowedStrategies>
				</disallowedStrategies>
				<options>
					<Goranee_Conscripts_N>5</Goranee_Conscripts_N>
					<Goranee_High_veterans_N>2</Goranee_High_veterans_N>
					<Goranee_Scout_N>2</Goranee_Scout_N>
					<Goranee_Adverb_N>2</Goranee_Adverb_N>
					<Goranee_Officer_N>1</Goranee_Officer_N>
				</options>
			</li>
			<!--척탄병추가공격대대-->
			<li>
				<kindDef>Combat</kindDef>
				<commonality>20</commonality>
				<maxTotalPoints>7500</maxTotalPoints>
				<disallowedStrategies>
				</disallowedStrategies>
				<options>
					<Goranee_Conscripts_N>5</Goranee_Conscripts_N>
					<Goranee_High_veterans_N>2</Goranee_High_veterans_N>
					<Goranee_Fighter_Grenadier_N>2</Goranee_Fighter_Grenadier_N>
					<Goranee_Adverb_N>2</Goranee_Adverb_N>
					<Goranee_Officer_N>1</Goranee_Officer_N>
				</options>
			</li>
			<!--최후의공격-->
			<li>
				<kindDef>Combat</kindDef>
				<commonality>10</commonality>
				<maxTotalPoints>8000</maxTotalPoints>
				<disallowedStrategies>
				</disallowedStrategies>
				<options>
					<Goranee_Conscripts_N>9</Goranee_Conscripts_N>
					<Goranee_High_veterans_N>5</Goranee_High_veterans_N>
					<Goranee_Scout_N>3</Goranee_Scout_N>
					<Goranee_Adverb_N>4</Goranee_Adverb_N>
					<Goranee_Officer_N>2</Goranee_Officer_N>
				</options>
			</li>
			<!--총공세-->
			<li>
				<kindDef>Combat</kindDef>
				<commonality>10</commonality>
				<maxTotalPoints>10000</maxTotalPoints>
				<disallowedStrategies>
				</disallowedStrategies>
				<options>
					<Goranee_Conscripts_N>7</Goranee_Conscripts_N>
					<Goranee_High_veterans_N>8</Goranee_High_veterans_N>
					<Goranee_Scout_N>3</Goranee_Scout_N>
					<Goranee_Adverb_N>2</Goranee_Adverb_N>
					<Goranee_Officer_N>4</Goranee_Officer_N>
				</options>
			</li>
		</pawnGroupMakers>

	</FactionDef>
	<FactionDef ParentName="KAM_FactionBase_NSB">
		<defName>KAM_NewNSBBonoru</defName>
		<label>보노루 국가사회주의정부</label>
		<description>보노루 연방으로 부터 떨어저나온 극단주의 세력중 극우성향의세력입니다.</description>
		<colorSpectrum>
			<li>(1, 1, 1)</li>
			<li>(1, 1, 1)</li>
		</colorSpectrum>
		<naturalEnemy>true</naturalEnemy>
	</FactionDef>
	
	<!--==소비에트정부==-->
		<FactionDef ParentName="FactionBase" Name="KAM_FactionBase_SSR" Abstract="True">
		<pawnSingular>해방보노루</pawnSingular>
		<pawnsPlural>해방보노루들</pawnsPlural>
		<listOrderPriority>50</listOrderPriority>
		<settlementGenerationWeight>1</settlementGenerationWeight>
		<requiredCountAtGameStart>1</requiredCountAtGameStart>
		<humanlikeFaction>true</humanlikeFaction>
		<canUseAvoidGrid>true</canUseAvoidGrid>
		<canMakeRandomly>true</canMakeRandomly>
		<leaderTitle>서기장동지</leaderTitle>
		<autoFlee>false</autoFlee>
		<factionNameMaker>Goranee_faction_rulepack_SSR</factionNameMaker>
		<settlementNameMaker>Namer_Settlement_Goranee_SSR</settlementNameMaker>
		<canSiege>true</canSiege>
		<canStageAttacks>true</canStageAttacks>
		<factionIconPath>Things/UI/Icons/faction/KAM_Faction_S</factionIconPath>
		<settlementTexturePath>Things/UI/Icons/faction/KAM_DefaultColony_S</settlementTexturePath>
		<techLevel>Spacer</techLevel>
		<backstoryFilters>
			<li>
				<categories>
					<li>KAM_Backstory</li>
				</categories>
			</li>
		</backstoryFilters>
		<raidLootMaker>OutlanderRaidLootMaker</raidLootMaker>
		<allowedCultures>
			<li>Astropolitan</li>
		</allowedCultures>
		<requiredMemes>
			<li MayRequire="Ludeon.RimWorld.Ideology">Loyalist</li>
		</requiredMemes>
		<allowedMemes>
			<li MayRequire="Ludeon.RimWorld.Ideology">Loyalist</li>
		</allowedMemes>
		<!--<disallowedMemes
			<li MayRequire="Ludeon.RimWorld.Ideology">FleshPurity</li>
			<li MayRequire="Ludeon.RimWorld.Ideology">Nudism</li>
			<li MayRequire="Ludeon.RimWorld.Ideology">MaleSupremacy</li>
			<li MayRequire="Ludeon.RimWorld.Ideology">FemaleSupremacy</li>
			<li MayRequire="Ludeon.RimWorld.Ideology">Raider</li>
			<li MayRequire="Ludeon.RimWorld.Ideology">PainIsVirtue</li>
			<li MayRequire="Ludeon.RimWorld.Ideology">Cannibal</li>
			<li MayRequire="Ludeon.RimWorld.Ideology">Darkness</li>
			<li MayRequire="Ludeon.RimWorld.Ideology">Blindsight</li>
			<li MayRequire="Ludeon.RimWorld.Ideology">Tunneler</li>
			<li MayRequire="Ludeon.RimWorld.Ideology">TreeConnection</li>
			<li MayRequire="Ludeon.RimWorld.Ideology">AnimalPersonhood</li>
			<li MayRequire="Ludeon.RimWorld.Ideology">Transhumanist</li>
			<li MayRequire="Ludeon.RimWorld.Ideology">HighLife</li>
			<li MayRequire="Ludeon.RimWorld.Biotech">Bloodfeeding</li>
			<li MayRequire="Ludeon.RimWorld.Ideology">Guilty</li>
		</disallowedMemes>-->
		<disallowedPrecepts>
			<li MayRequire="Ludeon.RimWorld.Ideology">ApparelDesired_Strong_Subordinate</li>
			<li MayRequire="Ludeon.RimWorld.Ideology">ApparelDesired_Soft_Subordinate</li>
		</disallowedPrecepts>
		<structureMemeWeights>
			<Structure_Animist MayRequire="Ludeon.RimWorld.Ideology">4</Structure_Animist>
		</structureMemeWeights>
		<configurationListOrderPriority>32</configurationListOrderPriority>
		<maxConfigurableAtWorldCreation>1</maxConfigurableAtWorldCreation>
		<xenotypeSet MayRequire="Ludeon.RimWorld.Biotech" Inherit="False">
			<xenotypeChances MayRequire="Ludeon.RimWorld.Biotech">
				<Goranee MayRequire="Ludeon.RimWorld.Biotech">999</Goranee>
				<Genie MayRequire="Ludeon.RimWorld.Biotech">0</Genie>
				<Dirtmole MayRequire="Ludeon.RimWorld.Biotech">0</Dirtmole>
				<Hussar MayRequire="Ludeon.RimWorld.Biotech">0</Hussar>
				<Neanderthal MayRequire="Ludeon.RimWorld.Biotech">0</Neanderthal>
				<Pigskin MayRequire="Ludeon.RimWorld.Biotech">0</Pigskin>
				<Waster MayRequire="Ludeon.RimWorld.Biotech">0</Waster>
				<Impid MayRequire="Ludeon.RimWorld.Biotech">0</Impid>
				<Yttakin MayRequire="Ludeon.RimWorld.Biotech">0</Yttakin>
				<Highmate MayRequire="Ludeon.RimWorld.Biotech">0</Highmate>
			</xenotypeChances>
		</xenotypeSet>
		<caravanTraderKinds>
			<li>Caravan_Outlander_CombatSupplier</li>
			<li>Caravan_Outlander_BulkGoods</li>
		</caravanTraderKinds>
		<visitorTraderKinds>
			<li>Visitor_Outlander_Standard</li>
		</visitorTraderKinds>
		<baseTraderKinds>
			<li>Base_Outlander_Standard</li>
		</baseTraderKinds>
		<allowedArrivalTemperatureRange>-75~29</allowedArrivalTemperatureRange>
		<maxPawnCostPerTotalPointsCurve>
			<points>
				<li>(0,35)</li>
				<li>(70, 50)</li>
				<li>(700, 100)</li>
				<li>(1300, 150)</li>
				<li>(100000, 10000)</li>
			</points>
		</maxPawnCostPerTotalPointsCurve>
		<pawnGroupMakers Inherit="false">
		<!--정찰소대-->
		<li>
			<kindDef>Combat</kindDef>
			<commonality>80</commonality>
			<maxTotalPoints>500</maxTotalPoints>
			<disallowedStrategies>
			</disallowedStrategies>
			<options>
				<Goranee_Conscripts_S>6</Goranee_Conscripts_S>
				<Goranee_Scout_S>6</Goranee_Scout_S>
			</options>
		</li>
		<!--전투정찰소대-->
		<li>
			<kindDef>Combat</kindDef>
			<commonality>70</commonality>
			<maxTotalPoints>2000</maxTotalPoints>
			<disallowedStrategies>
			</disallowedStrategies>
			<options>
				<Goranee_Conscripts_S>9</Goranee_Conscripts_S>
				<Goranee_High_veterans_S>6</Goranee_High_veterans_S>
				<Goranee_Scout_S>7</Goranee_Scout_S>
			</options>
		</li>
		<!--공격소대-->
		<li>
			<kindDef>Combat</kindDef>
			<commonality>60</commonality>
			<maxTotalPoints>3500</maxTotalPoints>
			<disallowedStrategies>
			</disallowedStrategies>
			<options>
				<Goranee_Conscripts_S>10</Goranee_Conscripts_S>
				<Goranee_High_veterans_S>8</Goranee_High_veterans_S>
				<Goranee_Scout_S>7</Goranee_Scout_S>
				<Goranee_Adverb_S>8</Goranee_Adverb_S>
				<Goranee_Officer_S>6</Goranee_Officer_S>
			</options>
		</li>
		<!--공격중대-->
		<li>
			<kindDef>Combat</kindDef>
			<commonality>50</commonality>
			<maxTotalPoints>4700</maxTotalPoints>
			<disallowedStrategies>
			</disallowedStrategies>
			<options>
				<Goranee_Conscripts_S>15</Goranee_Conscripts_S>
				<Goranee_High_veterans_S>9</Goranee_High_veterans_S>
				<Goranee_Scout_S>7</Goranee_Scout_S>
				<Goranee_Adverb_S>9</Goranee_Adverb_S>
				<Goranee_Officer_S>7</Goranee_Officer_S>
			</options>
		</li>
		<!--척탄공격중대-->
		<li>
			<kindDef>Combat</kindDef>
			<commonality>50</commonality>
			<maxTotalPoints>5000</maxTotalPoints>
			<disallowedStrategies>
			</disallowedStrategies>
			<options>
				<Goranee_Conscripts_S>15</Goranee_Conscripts_S>
				<Goranee_High_veterans_S>12</Goranee_High_veterans_S>
				<Goranee_Fighter_Grenadier_S>7</Goranee_Fighter_Grenadier_S>
				<Goranee_Adverb_S>9</Goranee_Adverb_S>
				<Goranee_Officer_S>7</Goranee_Officer_S>
			</options>
		</li>
		<!--공격대대-->
		<li>
			<kindDef>Combat</kindDef>
			<commonality>20</commonality>
			<maxTotalPoints>7000</maxTotalPoints>
			<disallowedStrategies>
			</disallowedStrategies>
			<options>
				<Goranee_Conscripts_S>15</Goranee_Conscripts_S>
				<Goranee_High_veterans_S>9</Goranee_High_veterans_S>
				<Goranee_Scout_S>8</Goranee_Scout_S>
				<Goranee_Adverb_S>9</Goranee_Adverb_S>
				<Goranee_Officer_S>7</Goranee_Officer_S>
			</options>
		</li>
		<!--척탄병추가공격대대-->
		<li>
			<kindDef>Combat</kindDef>
			<commonality>20</commonality>
			<maxTotalPoints>7500</maxTotalPoints>
			<disallowedStrategies>
			</disallowedStrategies>
			<options>
				<Goranee_Conscripts_S>15</Goranee_Conscripts_S>
				<Goranee_High_veterans_S>9</Goranee_High_veterans_S>
				<Goranee_Fighter_Grenadier_S>8</Goranee_Fighter_Grenadier_S>
				<Goranee_Adverb_S>9</Goranee_Adverb_S>
				<Goranee_Officer_S>7</Goranee_Officer_S>
			</options>
		</li>
		<!--최후의공격-->
		<li>
			<kindDef>Combat</kindDef>
			<commonality>10</commonality>
			<maxTotalPoints>8000</maxTotalPoints>
			<disallowedStrategies>
			</disallowedStrategies>
			<options>
				<Goranee_Conscripts_S>23</Goranee_Conscripts_S>
				<Goranee_High_veterans_S>15</Goranee_High_veterans_S>
				<Goranee_Scout_S>11</Goranee_Scout_S>
				<Goranee_Adverb_S>13</Goranee_Adverb_S>
				<Goranee_Officer_S>9</Goranee_Officer_S>
			</options>
		</li>
		<!--총공세-->
		<li>
			<kindDef>Combat</kindDef>
			<commonality>10</commonality>
			<maxTotalPoints>10000</maxTotalPoints>
			<disallowedStrategies>
			</disallowedStrategies>
			<options>
				<Goranee_Conscripts_S>24</Goranee_Conscripts_S>
				<Goranee_High_veterans_S>25</Goranee_High_veterans_S>
				<Goranee_Scout_S>10</Goranee_Scout_S>
				<Goranee_Adverb_S>9</Goranee_Adverb_S>
				<Goranee_Officer_S>12</Goranee_Officer_S>
			</options>
		</li>
		</pawnGroupMakers>

	</FactionDef>
	<FactionDef ParentName="KAM_FactionBase_SSR">
		<defName>KAM_SSRBonoru</defName>
		<label>보노루 공산주의정부</label>
		<description>보노루 연방으로 부터 떨어저나온 극단주의 세력중 극좌성향의세력입니다.</description>
		<colorSpectrum>
			<li>(1, 1, 1)</li>
			<li>(1, 1, 1)</li>
		</colorSpectrum>
		<naturalEnemy>false</naturalEnemy>
	</FactionDef>
	
</Defs>