<?xml version="1.0" encoding="utf-8" ?>
<Defs>

  	<PawnKindDef Name="GoraneePawnKindBase" Abstract="True">
		<xenotypeSet MayRequire="Ludeon.RimWorld.Biotech" Inherit="False">
			<xenotypeChances MayRequire="Ludeon.RimWorld.Biotech">
				<Genie MayRequire="Ludeon.RimWorld.Biotech">0</Genie>
				<Dirtmole MayRequire="Ludeon.RimWorld.Biotech">0</Dirtmole>
				<Hussar MayRequire="Ludeon.RimWorld.Biotech">0</Hussar>
				<Neanderthal MayRequire="Ludeon.RimWorld.Biotech">0</Neanderthal>
				<Pigskin MayRequire="Ludeon.RimWorld.Biotech">0</Pigskin>
				<Waster MayRequire="Ludeon.RimWorld.Biotech">0</Waster>
				<Impid MayRequire="Ludeon.RimWorld.Biotech">0</Impid>
				<Yttakin MayRequire="Ludeon.RimWorld.Biotech">0</Yttakin>
				<Highmate MayRequire="Ludeon.RimWorld.Biotech">0</Highmate>
				<Goranee MayRequire="Ludeon.RimWorld.Biotech">10</Goranee>
			</xenotypeChances>
		</xenotypeSet>

		<defaultFactionType>KAM_NewABonoru</defaultFactionType>
		<race>Human</race>

		<backstoryFiltersOverride>
			<li>
				<categories>
					<li>KAM_Backstory</li>
				</categories>
			</li>
		</backstoryFiltersOverride>		
		<invNutrition>4</invNutrition>

		<apparelTags>
			<li>IndustrialBasic</li>
            <li>IndustrialMilitaryBasic</li>
            <li>Apparel_PowerArmorHelmet</li>
			<li>Apparel_PowerArmor</li>
		</apparelTags>
		<weaponTags>
			<li>KAM_BoltAction_Rifle</li>
			<li>KAM_Auto_Rifle</li>
			<li>KAM_Semi_Rifle</li>
			<li>KAM_Pistol</li>
			<li>KAM_cannon</li>
			<li>KAM_SMG</li>
			<li>KAM_Musket</li>
			<li>Goraneemeele</li>
		</weaponTags>
		<initialWillRange>1~3</initialWillRange>
		<initialResistanceRange>17~27</initialResistanceRange>
	</PawnKindDef>
	
	<!--중앙군-->

   <PawnKindDef ParentName="GoraneePawnKindBase">
    <defName>Goranee_Conscripts</defName>
    <label>고라니징집병</label>
	<combatPower>120</combatPower>
	<isFighter>true</isFighter>
    <apparelAllowHeadgearChance>0</apparelAllowHeadgearChance>
	<weaponMoney>500~1000</weaponMoney>
    <apparelMoney>500~1000</apparelMoney>
    <backstoryCryptosleepCommonality>1</backstoryCryptosleepCommonality>
    <techHediffsChance>0.03</techHediffsChance>
    <techHediffsMoney>50~800</techHediffsMoney>
    <techHediffsTags>
      <li>IndustrialMilitaryBasic</li>
      <li>IndustrialMilitaryAdvanced</li>
      <li>ImplantEmpireCommon</li>
    </techHediffsTags>
    <techHediffsDisallowTags>
      <li>PainCauser</li>
    </techHediffsDisallowTags>
  </PawnKindDef>
  
  <PawnKindDef ParentName="GoraneePawnKindBase">
    <defName>Goranee_Scout</defName>
    <label>고라니정찰병</label>
	<combatPower>100</combatPower>
	<isFighter>true</isFighter>
    <apparelAllowHeadgearChance>0</apparelAllowHeadgearChance>
	<weaponMoney>400~7000</weaponMoney>
    <apparelMoney>800~1000</apparelMoney>
    <backstoryCryptosleepCommonality>1</backstoryCryptosleepCommonality>
    <techHediffsChance>0.03</techHediffsChance>
    <techHediffsMoney>50~800</techHediffsMoney>
    <techHediffsTags>
      <li>IndustrialMilitaryBasic</li>
      <li>IndustrialMilitaryAdvanced</li>
      <li>ImplantEmpireCommon</li>
    </techHediffsTags>
    <techHediffsDisallowTags>
      <li>PainCauser</li>
    </techHediffsDisallowTags>
  </PawnKindDef>
  
   <PawnKindDef ParentName="GoraneePawnKindBase">
    <defName>Goranee_High_veterans</defName>
    <label>고라니고참병</label>
	<combatPower>200</combatPower>
	<isFighter>true</isFighter>
    <apparelAllowHeadgearChance>0</apparelAllowHeadgearChance>
	<weaponMoney>700~2000</weaponMoney>
    <apparelMoney>1300~2000</apparelMoney>
    <backstoryCryptosleepCommonality>1</backstoryCryptosleepCommonality>
    <techHediffsChance>0.03</techHediffsChance>
    <techHediffsMoney>50~800</techHediffsMoney>
    <techHediffsTags>
      <li>Poor</li>
      <li>Simple</li>
      <li>ImplantEmpireCommon</li>
    </techHediffsTags>
    <techHediffsDisallowTags>
      <li>PainCauser</li>
    </techHediffsDisallowTags>
  </PawnKindDef>
  
   <PawnKindDef ParentName="GoraneePawnKindBase">
    <defName>Goranee_Fighter_Grenadier</defName>
    <label>고라니 척탄병</label>
    <canBeSapper>true</canBeSapper>
    <combatPower>350</combatPower>
    <weaponTags>
      <li>EmpireGrenadeDestructive</li>
    </weaponTags>
    <apparelMoney>2000~4000</apparelMoney>
    <techHediffsTags>
      <li>ImplantEmpireCommon</li>
    </techHediffsTags>
    <skills>
      <li>
        <skill>Shooting</skill>
        <range>4~10</range>
      </li>
    </skills>
    <disallowedTraits>
      <li>Brawler</li>
    </disallowedTraits>
  </PawnKindDef>
  
  <PawnKindDef ParentName="GoraneePawnKindBase">
    <defName>Goranee_Adverb</defName>
    <label>고라니 부사관</label>
	<combatPower>350</combatPower>
	<isFighter>true</isFighter>
    <apparelAllowHeadgearChance>0</apparelAllowHeadgearChance>
	<weaponMoney>1400~3500</weaponMoney>
    <apparelMoney>1900~2600</apparelMoney>
    <backstoryCryptosleepCommonality>1</backstoryCryptosleepCommonality>
    <techHediffsChance>0.03</techHediffsChance>
    <techHediffsMoney>50~800</techHediffsMoney>
    <techHediffsTags>
      <li>IndustrialMilitaryBasic</li>
      <li>IndustrialMilitaryAdvanced</li>
      <li>ImplantEmpireCommon</li>
    </techHediffsTags>
    <techHediffsDisallowTags>
      <li>PainCauser</li>
    </techHediffsDisallowTags>
  </PawnKindDef>
  
   <PawnKindDef ParentName="GoraneePawnKindBase">
    <defName>Goranee_Low_Officer</defName>
    <label>고라니 하위 장교</label>
	<combatPower>400</combatPower>
	<isFighter>true</isFighter>
	<factionLeader>true</factionLeader>
    <apparelAllowHeadgearChance>0</apparelAllowHeadgearChance>
	<weaponMoney>100~1700</weaponMoney>
    <apparelMoney>2000~2500</apparelMoney>
    <backstoryCryptosleepCommonality>1</backstoryCryptosleepCommonality>
    <techHediffsChance>0.03</techHediffsChance>
    <techHediffsMoney>50~800</techHediffsMoney>
    <techHediffsTags>
      <li>IndustrialMilitaryBasic</li>
      <li>IndustrialMilitaryAdvanced</li>
      <li>ImplantEmpireCommon</li>
    </techHediffsTags>
    <techHediffsDisallowTags>
      <li>PainCauser</li>
    </techHediffsDisallowTags>
  </PawnKindDef>
  
  <PawnKindDef ParentName="GoraneePawnKindBase">
    <defName>Goranee_Officer</defName>
    <label>고라니장교</label>
	<combatPower>500</combatPower>
	<isFighter>true</isFighter>
	<factionLeader>true</factionLeader>
    <apparelAllowHeadgearChance>0</apparelAllowHeadgearChance>
	<weaponMoney>100~300</weaponMoney>
    <apparelMoney>2000~2500</apparelMoney>
    <backstoryCryptosleepCommonality>1</backstoryCryptosleepCommonality>
    <techHediffsChance>0.03</techHediffsChance>
    <techHediffsMoney>50~800</techHediffsMoney>
    <techHediffsTags>
      <li>IndustrialMilitaryBasic</li>
      <li>IndustrialMilitaryAdvanced</li>
      <li>ImplantEmpireCommon</li>
    </techHediffsTags>
    <techHediffsDisallowTags>
      <li>PainCauser</li>
    </techHediffsDisallowTags>
  </PawnKindDef>
  
    <PawnKindDef ParentName="GoraneePawnKindBase">
    <defName>Goranee_Villager</defName>
    <label>고라니전역인</label>
    <combatPower>45</combatPower>
    <itemQuality>Poor</itemQuality>
    <isFighter>false</isFighter>
    <gearHealthRange>0.2~2.0</gearHealthRange>
    <weaponMoney>100~250</weaponMoney>
    <apparelMoney>200~400</apparelMoney>
    <apparelAllowHeadgearChance>0.4</apparelAllowHeadgearChance>
    <techHediffsChance>0.06</techHediffsChance>
    <techHediffsMoney>50~600</techHediffsMoney>
    <techHediffsTags>
      <li>Poor</li>
      <li>Simple</li>
      <li>ImplantEmpireCommon</li>
    </techHediffsTags>
  </PawnKindDef>
  
  <!--연방정부-->

     <PawnKindDef Name="GoraneePawnKindBase_R" Abstract="True">
		<xenotypeSet MayRequire="Ludeon.RimWorld.Biotech" Inherit="False">
			<xenotypeChances MayRequire="Ludeon.RimWorld.Biotech">
				<Genie MayRequire="Ludeon.RimWorld.Biotech">0</Genie>
				<Dirtmole MayRequire="Ludeon.RimWorld.Biotech">0</Dirtmole>
				<Hussar MayRequire="Ludeon.RimWorld.Biotech">0</Hussar>
				<Neanderthal MayRequire="Ludeon.RimWorld.Biotech">0</Neanderthal>
				<Pigskin MayRequire="Ludeon.RimWorld.Biotech">0</Pigskin>
				<Waster MayRequire="Ludeon.RimWorld.Biotech">0</Waster>
				<Impid MayRequire="Ludeon.RimWorld.Biotech">0</Impid>
				<Yttakin MayRequire="Ludeon.RimWorld.Biotech">0</Yttakin>
				<Highmate MayRequire="Ludeon.RimWorld.Biotech">0</Highmate>
				<Goranee MayRequire="Ludeon.RimWorld.Biotech">10</Goranee>
			</xenotypeChances>
		</xenotypeSet>

		<defaultFactionType>KAM_NewRBonoru</defaultFactionType>
		<race>Human</race>

		<backstoryFiltersOverride>
			<li>
				<categories>
					<li>KAM_Backstory</li>
				</categories>
			</li>
		</backstoryFiltersOverride>		
		<invNutrition>4</invNutrition>

		<apparelTags>
			<li>IndustrialBasic</li>
            <li>IndustrialMilitaryBasic</li>
		</apparelTags>
		<weaponTags>
			<li>KAM_BoltAction_Rifle</li>
			<li>KAM_Auto_Rifle</li>
			<li>KAM_Semi_Rifle</li>
			<li>KAM_Pistol</li>
			<li>KAM_cannon</li>
			<li>KAM_SMG</li>
			<li>KAM_Musket</li>
			<li>Goraneemeele</li>
		</weaponTags>
		<initialWillRange>1~3</initialWillRange>
		<initialResistanceRange>17~27</initialResistanceRange>
	</PawnKindDef>

   <PawnKindDef ParentName="GoraneePawnKindBase_R">
    <defName>Goranee_Conscripts_R</defName>
    <label>고라니자원병</label>
	<combatPower>50</combatPower>
	<isFighter>true</isFighter>
    <apparelAllowHeadgearChance>0</apparelAllowHeadgearChance>
	<weaponMoney>500~1000</weaponMoney>
    <apparelMoney>500~1000</apparelMoney>
    <backstoryCryptosleepCommonality>1</backstoryCryptosleepCommonality>
    <techHediffsChance>0.03</techHediffsChance>
    <techHediffsMoney>50~800</techHediffsMoney>
    <techHediffsTags>
      <li>IndustrialMilitaryBasic</li>
      <li>IndustrialMilitaryAdvanced</li>
      <li>ImplantEmpireCommon</li>
    </techHediffsTags>
    <techHediffsDisallowTags>
      <li>PainCauser</li>
    </techHediffsDisallowTags>
  </PawnKindDef>
  
  <PawnKindDef ParentName="GoraneePawnKindBase_R">
    <defName>Goranee_Scout_R</defName>
    <label>고라니자원정찰병</label>
	<combatPower>75</combatPower>
	<isFighter>true</isFighter>
    <apparelAllowHeadgearChance>0</apparelAllowHeadgearChance>
	<weaponMoney>700~1000</weaponMoney>
    <apparelMoney>800~1000</apparelMoney>
    <backstoryCryptosleepCommonality>1</backstoryCryptosleepCommonality>
    <techHediffsChance>0.03</techHediffsChance>
    <techHediffsMoney>50~800</techHediffsMoney>
    <techHediffsTags>
      <li>IndustrialMilitaryBasic</li>
      <li>IndustrialMilitaryAdvanced</li>
      <li>ImplantEmpireCommon</li>
    </techHediffsTags>
    <techHediffsDisallowTags>
      <li>PainCauser</li>
    </techHediffsDisallowTags>
  </PawnKindDef>
  
   <PawnKindDef ParentName="GoraneePawnKindBase_R">
    <defName>Goranee_High_veterans_R</defName>
    <label>고라니자원고참병</label>
	<combatPower>100</combatPower>
	<isFighter>true</isFighter>
    <apparelAllowHeadgearChance>0</apparelAllowHeadgearChance>
	<weaponMoney>700~2000</weaponMoney>
    <apparelMoney>1300~2000</apparelMoney>
    <backstoryCryptosleepCommonality>1</backstoryCryptosleepCommonality>
    <techHediffsChance>0.03</techHediffsChance>
    <techHediffsMoney>50~800</techHediffsMoney>
    <techHediffsTags>
      <li>Poor</li>
      <li>Simple</li>
      <li>ImplantEmpireCommon</li>
    </techHediffsTags>
    <techHediffsDisallowTags>
      <li>PainCauser</li>
    </techHediffsDisallowTags>
  </PawnKindDef>
  
   <PawnKindDef ParentName="GoraneePawnKindBase_R">
    <defName>Goranee_Fighter_Grenadier_R</defName>
    <label>고라니 자원척탄병</label>
    <canBeSapper>true</canBeSapper>
    <isGoodBreacher>true</isGoodBreacher>
    <combatPower>100</combatPower>
    <weaponTags>
      <li>EmpireGrenadeDestructive</li>
    </weaponTags>
    <apparelMoney>2000~4000</apparelMoney>
    <techHediffsTags>
      <li>ImplantEmpireCommon</li>
    </techHediffsTags>
    <skills>
      <li>
        <skill>Shooting</skill>
        <range>4~10</range>
      </li>
    </skills>
    <disallowedTraits>
      <li>Brawler</li>
    </disallowedTraits>
  </PawnKindDef>
  
  <PawnKindDef ParentName="GoraneePawnKindBase_R">
    <defName>Goranee_Adverb_R</defName>
    <label>고라니 자원부사관</label>
	<combatPower>150</combatPower>
	<isFighter>true</isFighter>
    <apparelAllowHeadgearChance>0</apparelAllowHeadgearChance>
	<weaponMoney>1400~3500</weaponMoney>
    <apparelMoney>1900~2600</apparelMoney>
    <backstoryCryptosleepCommonality>1</backstoryCryptosleepCommonality>
    <techHediffsChance>0.03</techHediffsChance>
    <techHediffsMoney>50~800</techHediffsMoney>
    <techHediffsTags>
      <li>IndustrialMilitaryBasic</li>
      <li>IndustrialMilitaryAdvanced</li>
      <li>ImplantEmpireCommon</li>
    </techHediffsTags>
    <techHediffsDisallowTags>
      <li>PainCauser</li>
    </techHediffsDisallowTags>
  </PawnKindDef>
  
   <PawnKindDef ParentName="GoraneePawnKindBase_R">
    <defName>Goranee_Low_Officer_R</defName>
    <label>고라니 자원하위 장교</label>
	<combatPower>200</combatPower>
	<isFighter>true</isFighter>
	<factionLeader>true</factionLeader>
    <apparelAllowHeadgearChance>0</apparelAllowHeadgearChance>
	<weaponMoney>100~1700</weaponMoney>
    <apparelMoney>2000~2500</apparelMoney>
    <backstoryCryptosleepCommonality>1</backstoryCryptosleepCommonality>
    <techHediffsChance>0.03</techHediffsChance>
    <techHediffsMoney>50~800</techHediffsMoney>
    <techHediffsTags>
      <li>IndustrialMilitaryBasic</li>
      <li>IndustrialMilitaryAdvanced</li>
      <li>ImplantEmpireCommon</li>
    </techHediffsTags>
    <techHediffsDisallowTags>
      <li>PainCauser</li>
    </techHediffsDisallowTags>
  </PawnKindDef>
  
  <PawnKindDef ParentName="GoraneePawnKindBase_R">
    <defName>Goranee_Officer_R</defName>
    <label>고라니장교</label>
	<combatPower>300</combatPower>
	<isFighter>true</isFighter>
	<factionLeader>true</factionLeader>
    <apparelAllowHeadgearChance>0</apparelAllowHeadgearChance>
	<weaponMoney>100~300</weaponMoney>
    <apparelMoney>2000~2500</apparelMoney>
    <backstoryCryptosleepCommonality>1</backstoryCryptosleepCommonality>
    <techHediffsChance>0.03</techHediffsChance>
    <techHediffsMoney>50~800</techHediffsMoney>
    <techHediffsTags>
      <li>IndustrialMilitaryBasic</li>
      <li>IndustrialMilitaryAdvanced</li>
      <li>ImplantEmpireCommon</li>
    </techHediffsTags>
    <techHediffsDisallowTags>
      <li>PainCauser</li>
    </techHediffsDisallowTags>
  </PawnKindDef>
  
    <PawnKindDef ParentName="GoraneePawnKindBase_R">
    <defName>Goranee_Villager_R</defName>
    <label>고라니민간인</label>
    <combatPower>45</combatPower>
    <itemQuality>Poor</itemQuality>
    <isFighter>false</isFighter>
    <gearHealthRange>0.2~2.0</gearHealthRange>
    <weaponMoney>100~250</weaponMoney>
    <apparelMoney>200~400</apparelMoney>
    <apparelAllowHeadgearChance>0.4</apparelAllowHeadgearChance>
    <techHediffsChance>0.06</techHediffsChance>
    <techHediffsMoney>50~600</techHediffsMoney>
    <techHediffsTags>
      <li>Poor</li>
      <li>Simple</li>
      <li>ImplantEmpireCommon</li>
    </techHediffsTags>
  </PawnKindDef>
  <!--PMC-->
  <!--신연방-->
        <PawnKindDef Name="GoraneePawnKindBase_P" Abstract="True">
		<xenotypeSet MayRequire="Ludeon.RimWorld.Biotech" Inherit="False">
			<xenotypeChances MayRequire="Ludeon.RimWorld.Biotech">
				<Genie MayRequire="Ludeon.RimWorld.Biotech">0</Genie>
				<Dirtmole MayRequire="Ludeon.RimWorld.Biotech">0</Dirtmole>
				<Hussar MayRequire="Ludeon.RimWorld.Biotech">0</Hussar>
				<Neanderthal MayRequire="Ludeon.RimWorld.Biotech">0</Neanderthal>
				<Pigskin MayRequire="Ludeon.RimWorld.Biotech">0</Pigskin>
				<Waster MayRequire="Ludeon.RimWorld.Biotech">0</Waster>
				<Impid MayRequire="Ludeon.RimWorld.Biotech">0</Impid>
				<Yttakin MayRequire="Ludeon.RimWorld.Biotech">0</Yttakin>
				<Highmate MayRequire="Ludeon.RimWorld.Biotech">0</Highmate>
				<Goranee MayRequire="Ludeon.RimWorld.Biotech">10</Goranee>
			</xenotypeChances>
		</xenotypeSet>

		<defaultFactionType>NewBonoru</defaultFactionType>
		<race>Human</race>

		<backstoryFiltersOverride>
			<li>
				<categories>
					<li>KAM_Backstory</li>
				</categories>
			</li>
		</backstoryFiltersOverride>		
		<invNutrition>4</invNutrition>

		<apparelTags>
			<li>IndustrialBasic</li>
		</apparelTags>
		<weaponTags>
			<li>KAM_BoltAction_Rifle</li>
			<li>KAM_Auto_Rifle</li>
			<li>KAM_Semi_Rifle</li>
			<li>KAM_Pistol</li>
			<li>KAM_cannon</li>
			<li>KAM_SMG</li>
			<li>KAM_Musket</li>
			<li>Goraneemeele</li>
		</weaponTags>
		<initialWillRange>1~3</initialWillRange>
		<initialResistanceRange>17~27</initialResistanceRange>
	</PawnKindDef>
   
   <PawnKindDef ParentName="GoraneePawnKindBase_P">
    <defName>Bonoru_P</defName>
	<combatPower>45</combatPower>
    <weaponMoney>0</weaponMoney>
    <apparelAllowHeadgearChance>0</apparelAllowHeadgearChance>
    <apparelColor>(58,58,58)</apparelColor>
    <defaultFactionType>PlayerColony</defaultFactionType>
    <apparelMoney>350~600</apparelMoney>
    <apparelTags>
      <li>IndustrialBasic</li>
    </apparelTags>
  </PawnKindDef>
		<!--파쇼-->
			<PawnKindDef Name="GoraneePawnKindBase_N" Abstract="True">
				<xenotypeSet MayRequire="Ludeon.RimWorld.Biotech" Inherit="False">
					<xenotypeChances MayRequire="Ludeon.RimWorld.Biotech">
						<Genie MayRequire="Ludeon.RimWorld.Biotech">0</Genie>
						<Dirtmole MayRequire="Ludeon.RimWorld.Biotech">0</Dirtmole>
						<Hussar MayRequire="Ludeon.RimWorld.Biotech">0</Hussar>
						<Neanderthal MayRequire="Ludeon.RimWorld.Biotech">0</Neanderthal>
						<Pigskin MayRequire="Ludeon.RimWorld.Biotech">0</Pigskin>
						<Waster MayRequire="Ludeon.RimWorld.Biotech">0</Waster>
						<Impid MayRequire="Ludeon.RimWorld.Biotech">0</Impid>
						<Yttakin MayRequire="Ludeon.RimWorld.Biotech">0</Yttakin>
						<Highmate MayRequire="Ludeon.RimWorld.Biotech">0</Highmate>
						<Goranee MayRequire="Ludeon.RimWorld.Biotech">10</Goranee>
					</xenotypeChances>
				</xenotypeSet>

				<defaultFactionType>KAM_NewNSBBonoru</defaultFactionType>
				<race>Human</race>

				<backstoryFiltersOverride>
					<li>
						<categories>
							<li>KAM_Backstory</li>
						</categories>
					</li>
				</backstoryFiltersOverride>		
				<invNutrition>4</invNutrition>

				<apparelTags>
					<li>IndustrialBasic</li>
					<li>IndustrialMilitaryBasic</li>
				</apparelTags>
				<weaponTags>
					<li>KAM_BoltAction_Nifle</li>
					<li>KAM_Auto_Nifle</li>
					<li>KAM_Semi_Nifle</li>
					<li>KAM_Pistol</li>
					<li>KAM_cannon</li>
					<li>KAM_SMG</li>
					<li>Goraneemeele</li>
					<li>KAM_SniperRifle</li>
					<li>KAM_Bazoka</li>
					<li>KAM_MG</li>
				</weaponTags>
				<initialWillRange>1~3</initialWillRange>
				<initialResistanceRange>17~27</initialResistanceRange>
			</PawnKindDef>

		   <PawnKindDef ParentName="GoraneePawnKindBase_N">
			<defName>Goranee_Conscripts_N</defName>
			<label>고라니친위대하급병사</label>
			<combatPower>50</combatPower>
			<isFighter>true</isFighter>
			<apparelAllowHeadgearChance>0</apparelAllowHeadgearChance>
			<weaponMoney>500~1000</weaponMoney>
			<apparelMoney>500~1000</apparelMoney>
			<backstoryCryptosleepCommonality>1</backstoryCryptosleepCommonality>
			<techHediffsChance>0.03</techHediffsChance>
			<techHediffsMoney>50~800</techHediffsMoney>
			<techHediffsTags>
			  <li>IndustrialMilitaryBasic</li>
			  <li>IndustrialMilitaryAdvanced</li>
			  <li>ImplantEmpireCommon</li>
			</techHediffsTags>
			<techHediffsDisallowTags>
			  <li>PainCauser</li>
			</techHediffsDisallowTags>
		  </PawnKindDef>
		  
		  <PawnKindDef ParentName="GoraneePawnKindBase_N">
			<defName>Goranee_Scout_N</defName>
			<label>고라니친위정찰병</label>
			<combatPower>75</combatPower>
			<isFighter>true</isFighter>
			<apparelAllowHeadgearChance>0</apparelAllowHeadgearChance>
			<weaponMoney>700~1000</weaponMoney>
			<apparelMoney>800~1000</apparelMoney>
			<backstoryCryptosleepCommonality>1</backstoryCryptosleepCommonality>
			<techHediffsChance>0.03</techHediffsChance>
			<techHediffsMoney>50~800</techHediffsMoney>
			<techHediffsTags>
			  <li>IndustrialMilitaryBasic</li>
			  <li>IndustrialMilitaryAdvanced</li>
			  <li>ImplantEmpireCommon</li>
			</techHediffsTags>
			<techHediffsDisallowTags>
			  <li>PainCauser</li>
			</techHediffsDisallowTags>
		  </PawnKindDef>
		  
		   <PawnKindDef ParentName="GoraneePawnKindBase_N">
			<defName>Goranee_High_veterans_N</defName>
			<label>고라니친위대고급병사</label>
			<combatPower>100</combatPower>
			<isFighter>true</isFighter>
			<apparelAllowHeadgearChance>0</apparelAllowHeadgearChance>
			<weaponMoney>700~2000</weaponMoney>
			<apparelMoney>1300~2000</apparelMoney>
			<backstoryCryptosleepCommonality>1</backstoryCryptosleepCommonality>
			<techHediffsChance>0.03</techHediffsChance>
			<techHediffsMoney>50~800</techHediffsMoney>
			<techHediffsTags>
			  <li>Poor</li>
			  <li>Simple</li>
			  <li>ImplantEmpireCommon</li>
			</techHediffsTags>
			<techHediffsDisallowTags>
			  <li>PainCauser</li>
			</techHediffsDisallowTags>
		  </PawnKindDef>
		  
		   <PawnKindDef ParentName="GoraneePawnKindBase_N">
			<defName>Goranee_Fighter_Grenadier_N</defName>
			<label>고라니 친위척탄병</label>
			<canBeSapper>true</canBeSapper>
			<isGoodBreacher>true</isGoodBreacher>
			<combatPower>100</combatPower>
			<weaponTags>
			  <li>EmpireGrenadeDestructive</li>
			</weaponTags>
			<apparelMoney>2000~4000</apparelMoney>
			<techHediffsTags>
			  <li>ImplantEmpireCommon</li>
			</techHediffsTags>
			<skills>
			  <li>
				<skill>Shooting</skill>
				<range>4~10</range>
			  </li>
			</skills>
			<disallowedTraits>
			  <li>Brawler</li>
			</disallowedTraits>
		  </PawnKindDef>
		  
		  <PawnKindDef ParentName="GoraneePawnKindBase_N">
			<defName>Goranee_Adverb_N</defName>
			<label>고라니 친위대부사관</label>
			<combatPower>150</combatPower>
			<isFighter>true</isFighter>
			<apparelAllowHeadgearChance>0</apparelAllowHeadgearChance>
			<weaponMoney>1400~3500</weaponMoney>
			<apparelMoney>1900~2600</apparelMoney>
			<backstoryCryptosleepCommonality>1</backstoryCryptosleepCommonality>
			<techHediffsChance>0.03</techHediffsChance>
			<techHediffsMoney>50~800</techHediffsMoney>
			<techHediffsTags>
			  <li>IndustrialMilitaryBasic</li>
			  <li>IndustrialMilitaryAdvanced</li>
			  <li>ImplantEmpireCommon</li>
			</techHediffsTags>
			<techHediffsDisallowTags>
			  <li>PainCauser</li>
			</techHediffsDisallowTags>
		  </PawnKindDef>
		  
		   <PawnKindDef ParentName="GoraneePawnKindBase_N">
			<defName>Goranee_Low_Officer_N</defName>
			<label>고라니 친위대하위 장교</label>
			<combatPower>200</combatPower>
			<isFighter>true</isFighter>
			<factionLeader>true</factionLeader>
			<apparelAllowHeadgearChance>0</apparelAllowHeadgearChance>
			<weaponMoney>100~1700</weaponMoney>
			<apparelMoney>2000~2500</apparelMoney>
			<backstoryCryptosleepCommonality>1</backstoryCryptosleepCommonality>
			<techHediffsChance>0.03</techHediffsChance>
			<techHediffsMoney>50~800</techHediffsMoney>
			<techHediffsTags>
			  <li>IndustrialMilitaryBasic</li>
			  <li>IndustrialMilitaryAdvanced</li>
			  <li>ImplantEmpireCommon</li>
			</techHediffsTags>
			<techHediffsDisallowTags>
			  <li>PainCauser</li>
			</techHediffsDisallowTags>
		  </PawnKindDef>
		  
		  <PawnKindDef ParentName="GoraneePawnKindBase_N">
			<defName>Goranee_Officer_N</defName>
			<label>고라니친위대장교</label>
			<combatPower>300</combatPower>
			<isFighter>true</isFighter>
			<factionLeader>true</factionLeader>
			<apparelAllowHeadgearChance>0</apparelAllowHeadgearChance>
			<weaponMoney>100~300</weaponMoney>
			<apparelMoney>2000~2500</apparelMoney>
			<backstoryCryptosleepCommonality>1</backstoryCryptosleepCommonality>
			<techHediffsChance>0.03</techHediffsChance>
			<techHediffsMoney>50~800</techHediffsMoney>
			<techHediffsTags>
			  <li>IndustrialMilitaryBasic</li>
			  <li>IndustrialMilitaryAdvanced</li>
			  <li>ImplantEmpireCommon</li>
			</techHediffsTags>
			<techHediffsDisallowTags>
			  <li>PainCauser</li>
			</techHediffsDisallowTags>
		  </PawnKindDef>
		  
			<PawnKindDef ParentName="GoraneePawnKindBase_N">
			<defName>Goranee_Villager_N</defName>
			<label>고라니아리아인</label>
			<combatPower>45</combatPower>
			<itemQuality>Poor</itemQuality>
			<isFighter>false</isFighter>
			<gearHealthRange>0.2~2.0</gearHealthRange>
			<weaponMoney>100~250</weaponMoney>
			<apparelMoney>200~400</apparelMoney>
			<apparelAllowHeadgearChance>0.4</apparelAllowHeadgearChance>
			<techHediffsChance>0.06</techHediffsChance>
			<techHediffsMoney>50~600</techHediffsMoney>
			<techHediffsTags>
			  <li>Poor</li>
			  <li>Simple</li>
			  <li>ImplantEmpireCommon</li>
			</techHediffsTags>
		  </PawnKindDef>
		<!--소비엣-->
		<PawnKindDef Name="GoraneePawnKindBase_S" Abstract="True">
				<xenotypeSet MayRequire="Ludeon.RimWorld.Biotech" Inherit="False">
					<xenotypeChances MayRequire="Ludeon.RimWorld.Biotech">
						<Genie MayRequire="Ludeon.RimWorld.Biotech">0</Genie>
						<Dirtmole MayRequire="Ludeon.RimWorld.Biotech">0</Dirtmole>
						<Hussar MayRequire="Ludeon.RimWorld.Biotech">0</Hussar>
						<Neanderthal MayRequire="Ludeon.RimWorld.Biotech">0</Neanderthal>
						<Pigskin MayRequire="Ludeon.RimWorld.Biotech">0</Pigskin>
						<Waster MayRequire="Ludeon.RimWorld.Biotech">0</Waster>
						<Impid MayRequire="Ludeon.RimWorld.Biotech">0</Impid>
						<Yttakin MayRequire="Ludeon.RimWorld.Biotech">0</Yttakin>
						<Highmate MayRequire="Ludeon.RimWorld.Biotech">0</Highmate>
						<Goranee MayRequire="Ludeon.RimWorld.Biotech">10</Goranee>
					</xenotypeChances>
				</xenotypeSet>

				<defaultFactionType>KAM_SSRBonoru</defaultFactionType>
				<race>Human</race>

				<backstoryFiltersOverride>
					<li>
						<categories>
							<li>KAM_Backstory</li>
						</categories>
					</li>
				</backstoryFiltersOverride>		
				<invNutrition>4</invNutrition>

				<apparelTags>
					<li>IndustrialBasic</li>
					<li>IndustrialMilitaryBasic</li>
				</apparelTags>
				<weaponTags>
					<li>KAM_BoltAction_Sifle</li>
					<li>KAM_Semi_Sifle</li>
					<li>KAM_Pistol</li>
					<li>KAM_SMG</li>
					<li>Goraneemeele</li>
				</weaponTags>
				<initialWillRange>1~3</initialWillRange>
				<initialResistanceRange>17~27</initialResistanceRange>
			</PawnKindDef>

		   <PawnKindDef ParentName="GoraneePawnKindBase_S">
			<defName>Goranee_Conscripts_S</defName>
			<label>고라니인민군</label>
			<combatPower>50</combatPower>
			<isFighter>true</isFighter>
			<apparelAllowHeadgearChance>0</apparelAllowHeadgearChance>
			<weaponMoney>500~1000</weaponMoney>
			<apparelMoney>500~1000</apparelMoney>
			<backstoryCryptosleepCommonality>1</backstoryCryptosleepCommonality>
			<techHediffsChance>0.03</techHediffsChance>
			<techHediffsMoney>50~800</techHediffsMoney>
			<techHediffsTags>
			  <li>IndustrialMilitaryBasic</li>
			  <li>IndustrialMilitaryAdvanced</li>
			  <li>ImplantEmpireCommon</li>
			</techHediffsTags>
			<techHediffsDisallowTags>
			  <li>PainCauser</li>
			</techHediffsDisallowTags>
		  </PawnKindDef>
		  
		  <PawnKindDef ParentName="GoraneePawnKindBase_S">
			<defName>Goranee_Scout_S</defName>
			<label>고라니인민정찰병</label>
			<combatPower>75</combatPower>
			<isFighter>true</isFighter>
			<apparelAllowHeadgearChance>0</apparelAllowHeadgearChance>
			<weaponMoney>700~1000</weaponMoney>
			<apparelMoney>800~1000</apparelMoney>
			<backstoryCryptosleepCommonality>1</backstoryCryptosleepCommonality>
			<techHediffsChance>0.03</techHediffsChance>
			<techHediffsMoney>50~800</techHediffsMoney>
			<techHediffsTags>
			  <li>IndustrialMilitaryBasic</li>
			  <li>IndustrialMilitaryAdvanced</li>
			  <li>ImplantEmpireCommon</li>
			</techHediffsTags>
			<techHediffsDisallowTags>
			  <li>PainCauser</li>
			</techHediffsDisallowTags>
		  </PawnKindDef>
		  
		   <PawnKindDef ParentName="GoraneePawnKindBase_S">
			<defName>Goranee_High_veterans_S</defName>
			<label>고라니인민해방병</label>
			<combatPower>100</combatPower>
			<isFighter>true</isFighter>
			<apparelAllowHeadgearChance>0</apparelAllowHeadgearChance>
			<weaponMoney>700~2000</weaponMoney>
			<apparelMoney>1300~2000</apparelMoney>
			<backstoryCryptosleepCommonality>1</backstoryCryptosleepCommonality>
			<techHediffsChance>0.03</techHediffsChance>
			<techHediffsMoney>50~800</techHediffsMoney>
			<techHediffsTags>
			  <li>Poor</li>
			  <li>Simple</li>
			  <li>ImplantEmpireCommon</li>
			</techHediffsTags>
			<techHediffsDisallowTags>
			  <li>PainCauser</li>
			</techHediffsDisallowTags>
		  </PawnKindDef>
		  
		   <PawnKindDef ParentName="GoraneePawnKindBase_S">
			<defName>Goranee_Fighter_Grenadier_S</defName>
			<label>고라니 인민척탄병</label>
			<canBeSapper>true</canBeSapper>
			<isGoodBreacher>true</isGoodBreacher>
			<combatPower>100</combatPower>
			<weaponTags>
			  <li>EmpireGrenadeDestructive</li>
			</weaponTags>
			<apparelMoney>2000~4000</apparelMoney>
			<techHediffsTags>
			  <li>ImplantEmpireCommon</li>
			</techHediffsTags>
			<skills>
			  <li>
				<skill>Shooting</skill>
				<range>4~10</range>
			  </li>
			</skills>
			<disallowedTraits>
			  <li>Brawler</li>
			</disallowedTraits>
		  </PawnKindDef>
		  
		  <PawnKindDef ParentName="GoraneePawnKindBase_S">
			<defName>Goranee_Adverb_S</defName>
			<label>고라니 인민부사관</label>
			<combatPower>150</combatPower>
			<isFighter>true</isFighter>
			<apparelAllowHeadgearChance>0</apparelAllowHeadgearChance>
			<weaponMoney>1400~3500</weaponMoney>
			<apparelMoney>1900~2600</apparelMoney>
			<backstoryCryptosleepCommonality>1</backstoryCryptosleepCommonality>
			<techHediffsChance>0.03</techHediffsChance>
			<techHediffsMoney>50~800</techHediffsMoney>
			<techHediffsTags>
			  <li>IndustrialMilitaryBasic</li>
			  <li>IndustrialMilitaryAdvanced</li>
			  <li>ImplantEmpireCommon</li>
			</techHediffsTags>
			<techHediffsDisallowTags>
			  <li>PainCauser</li>
			</techHediffsDisallowTags>
		  </PawnKindDef>
		  
		   <PawnKindDef ParentName="GoraneePawnKindBase_S">
			<defName>Goranee_Low_Officer_S</defName>
			<label>고라니 인민하위 장교</label>
			<combatPower>200</combatPower>
			<isFighter>true</isFighter>
			<factionLeader>true</factionLeader>
			<apparelAllowHeadgearChance>0</apparelAllowHeadgearChance>
			<weaponMoney>100~1700</weaponMoney>
			<apparelMoney>2000~2500</apparelMoney>
			<backstoryCryptosleepCommonality>1</backstoryCryptosleepCommonality>
			<techHediffsChance>0.03</techHediffsChance>
			<techHediffsMoney>50~800</techHediffsMoney>
			<techHediffsTags>
			  <li>IndustrialMilitaryBasic</li>
			  <li>IndustrialMilitaryAdvanced</li>
			  <li>ImplantEmpireCommon</li>
			</techHediffsTags>
			<techHediffsDisallowTags>
			  <li>PainCauser</li>
			</techHediffsDisallowTags>
		  </PawnKindDef>
		  
		  <PawnKindDef ParentName="GoraneePawnKindBase_S">
			<defName>Goranee_Officer_S</defName>
			<label>고라니정치장교</label>
			<combatPower>300</combatPower>
			<isFighter>true</isFighter>
			<factionLeader>true</factionLeader>
			<apparelAllowHeadgearChance>0</apparelAllowHeadgearChance>
			<weaponMoney>100~300</weaponMoney>
			<apparelMoney>2000~2500</apparelMoney>
			<backstoryCryptosleepCommonality>1</backstoryCryptosleepCommonality>
			<techHediffsChance>0.03</techHediffsChance>
			<techHediffsMoney>50~800</techHediffsMoney>
			<techHediffsTags>
			  <li>IndustrialMilitaryBasic</li>
			  <li>IndustrialMilitaryAdvanced</li>
			  <li>ImplantEmpireCommon</li>
			</techHediffsTags>
			<techHediffsDisallowTags>
			  <li>PainCauser</li>
			</techHediffsDisallowTags>
		  </PawnKindDef>
		  
			<PawnKindDef ParentName="GoraneePawnKindBase_S">
			<defName>Goranee_Villager_S</defName>
			<label>고라니인민</label>
			<combatPower>45</combatPower>
			<itemQuality>Poor</itemQuality>
			<isFighter>false</isFighter>
			<gearHealthRange>0.2~2.0</gearHealthRange>
			<weaponMoney>100~250</weaponMoney>
			<apparelMoney>200~400</apparelMoney>
			<apparelAllowHeadgearChance>0.4</apparelAllowHeadgearChance>
			<techHediffsChance>0.06</techHediffsChance>
			<techHediffsMoney>50~600</techHediffsMoney>
			<techHediffsTags>
			  <li>Poor</li>
			  <li>Simple</li>
			  <li>ImplantEmpireCommon</li>
			</techHediffsTags>
		  </PawnKindDef>

</Defs>