<?xml version="1.0" encoding="utf-8" ?>
<Defs>
  <RulePackDef>
    <defName>Goranee_faction_rulepack_Army</defName>
    <rulePack>
      <rulesStrings>
        <li>r_name(p=10)->[KAMFAC1] [KAMFAC2] [KAMFAC3]</li>
		<li>r_name(p=5)->[KAMFAC1] [KAMFAC3]</li>
      </rulesStrings>
	  <rulesFiles>
        <li>KAMFAC1->Names/Syllables_gan_fac1</li>
		<li>KAMFAC2->Names/Syllables_gan_fac2</li>
		<li>KAMFAC3->Names/Syllables_gan_fac3</li>
      </rulesFiles>
	</rulePack>
   </RulePackDef>
   
     <RulePackDef>
    <defName>Namer_Settlement_Goranee_Army</defName>
    <rulePack>
      <rulesStrings>
       <li>r_name(p=6)->[KAMTOWN1] [KAMTOWN2] [KAMTOWN3]</li>
	   <li>r_name(p=4)->[KAMTOWN1] [KAMTOWN3]</li>
      </rulesStrings>
      <rulesFiles>
        <li>KAMTOWN1->Names/Syllables_gan_town1</li>
		<li>KAMTOWN2->Names/Syllables_gan_town2</li>
		<li>KAMTOWN3->Names/Syllables_gan_town3</li>
      </rulesFiles>
    </rulePack>
  </RulePackDef>
   
     <RulePackDef>
    <defName>Goranee_faction_rulepack_Republic</defName>
    <rulePack>
      <rulesStrings>
        <li>r_name(p=10)->[KAMFACR1] [KAMFACR2] [KAMFACR3]</li>
		<li>r_name(p=5)->[KAMFACR1] [KAMFACR3]</li>
      </rulesStrings>
	  <rulesFiles>
        <li>KAMFACR1->Names/Syllables_gan_fac_R1</li>
		<li>KAMFACR2->Names/Syllables_gan_fac_R2</li>
		<li>KAMFACR3->Names/Syllables_gan_fac_R3</li>
      </rulesFiles>
	</rulePack>
   </RulePackDef>
   
   <RulePackDef>
    <defName>Goranee_faction_rulepack_NSB</defName>
    <rulePack>
      <rulesStrings>
        <li>r_name(p=10)->[KAMNSB1] [KAMNSB2] [KAMNSB3]</li>
		<li>r_name(p=5)->[KAMNSB1] [KAMNSB3]</li>
      </rulesStrings>
	  <rulesFiles>
        <li>KAMNSB1->Names/Syllables_gan_fac_N1</li>
		<li>KAMNSB2->Names/Syllables_gan_fac_N2</li>
		<li>KAMNSB3->Names/Syllables_gan_fac_N3</li>
      </rulesFiles>
	</rulePack>
   </RulePackDef>
   
   <RulePackDef>
    <defName>Namer_Settlement_Goranee_NSB</defName>
    <rulePack>
      <rulesStrings>
       <li>r_name(p=6)->[KAMTOWNN1] [KAMTOWNN2] [KAMTOWNN3]</li>
	   <li>r_name(p=4)->[KAMTOWNN1] [KAMTOWNN3]</li>
      </rulesStrings>
      <rulesFiles>
        <li>KAMTOWNN1->Names/Syllables_gan_townN1</li>
		<li>KAMTOWNN2->Names/Syllables_gan_townN2</li>
		<li>KAMTOWNN3->Names/Syllables_gan_townN3</li>
      </rulesFiles>
    </rulePack>
  </RulePackDef>
  
  <RulePackDef>
    <defName>Goranee_faction_rulepack_SSR</defName>
    <rulePack>
      <rulesStrings>
        <li>r_name(p=10)->[KAMSSR1] [KAMSSR2] [KAMSSR3]</li>
		<li>r_name(p=5)->[KAMSSR1] [KAMSSR3]</li>
      </rulesStrings>
	  <rulesFiles>
        <li>KAMSSR1->Names/Syllables_gan_fac_S1</li>
		<li>KAMSSR2->Names/Syllables_gan_fac_S2</li>
		<li>KAMSSR3->Names/Syllables_gan_fac_S3</li>
      </rulesFiles>
	</rulePack>
   </RulePackDef>
   
   <RulePackDef>
    <defName>Namer_Settlement_Goranee_SSR</defName>
    <rulePack>
      <rulesStrings>
       <li>r_name(p=6)->[KAMTOWNS1] [KAMTOWNS2] [KAMTOWNS3]</li>
	   <li>r_name(p=4)->[KAMTOWNS1] [KAMTOWNS3]</li>
      </rulesStrings>
      <rulesFiles>
        <li>KAMTOWNS1->Names/Syllables_gan_townS1</li>
		<li>KAMTOWNS2->Names/Syllables_gan_townS2</li>
		<li>KAMTOWNS3->Names/Syllables_gan_townS3</li>
      </rulesFiles>
    </rulePack>
  </RulePackDef>
   
     <RulePackDef>
    <defName>Namer_Settlement_Goranee_Republic</defName>
    <rulePack>
      <rulesStrings>
       <li>r_name(p=6)->[KAMTOWNR1] [KAMTOWNR2] [KAMTOWNR3]</li>
	   <li>r_name(p=4)->[KAMTOWNR1] [KAMTOWNR3]</li>
      </rulesStrings>
      <rulesFiles>
        <li>KAMTOWNR1->Names/Syllables_gan_town_R1</li>
		<li>KAMTOWNR2->Names/Syllables_gan_town_R2</li>
		<li>KAMTOWNR3->Names/Syllables_gan_town_R3</li>
      </rulesFiles>
    </rulePack>
  </RulePackDef>

   
	<RulePackDef>
		<defName>Goranee_Pawns_Name_rulepack</defName>
		<rulePack>
			<rulesStrings>
				<li>r_name(p=9)->[KAMNAMEfirst] '[KAMNAMEmix]' [KAMNAMElast]</li>
				<li>r_name(p=1)->[KAMNAMEfirst] '[KAMNAMEmix]' [KAMNAMEfirst]</li>
			</rulesStrings>
		<rulesFiles>
				<li>KAMNAMEfirst->Names/Syllables_goranee1</li>
				<li>KAMNAMEmix->Names/Syllables_goranee2</li>
				<li>KAMNAMElast->Names/Syllables_goranee3</li>
		</rulesFiles>
		</rulePack>
	</RulePackDef>

</Defs>
