<?xml version="1.0" encoding="utf-8" ?>
<Defs>
  <RulePackDef>
    <defName>Goranee_faction_rulepack_Army</defName>
    <rulePack>
      <rulesStrings>
        <li>r_name(p=10)->[KAMFAC1] [KAMFAC2] [KAMFAC3]</li>
		<li>r_name(p=5)->[KAMFAC1] [KAMFAC3]</li>
      </rulesStrings>
	  <rulesFiles>
        <li>KAMFAC1->Names/Syllables_gan_fac1</li>
		<li>KAMFAC2->Names/Syllables_gan_fac2</li>
		<li>KAMFAC3->Names/Syllables_gan_fac3</li>
      </rulesFiles>
	</rulePack>
   </RulePackDef>
   
     <RulePackDef>
    <defName>Namer_Settlement_Goranee_Army</defName>
    <rulePack>
      <rulesStrings>
       <li>r_name(p=6)->[KAMTOWN1] [KAMTOWN2] [KAMTOWN3]</li>
	   <li>r_name(p=4)->[KAMTOWN1] [KAMTOWN3]</li>
      </rulesStrings>
      <rulesFiles>
        <li>KAMTOWN1->Names/Syllables_gan_town1</li>
		<li>KAMTOWN2->Names/Syllables_gan_town2</li>
		<li>KAMTOWN3->Names/Syllables_gan_town3</li>
      </rulesFiles>
    </rulePack>
  </RulePackDef>
   
     <RulePackDef>
    <defName>Goranee_faction_rulepack_Republic</defName>
    <rulePack>
      <rulesStrings>
        <li>r_name(p=10)->[KAMFACR1] [KAMFACR2] [KAMFACR3]</li>
		<li>r_name(p=5)->[KAMFACR1] [KAMFACR3]</li>
      </rulesStrings>
	  <rulesFiles>
        <li>KAMFACR1->Names/Syllables_gan_fac_R1</li>
		<li>KAMFACR2->Names/Syllables_gan_fac_R2</li>
		<li>KAMFACR3->Names/Syllables_gan_fac_R3</li>
      </rulesFiles>
	</rulePack>
   </RulePackDef>
   
     <RulePackDef>
    <defName>Namer_Settlement_Goranee_Republic</defName>
    <rulePack>
      <rulesStrings>
       <li>r_name(p=6)->[KAMTOWNR1] [KAMTOWNR2] [KAMTOWNR3]</li>
	   <li>r_name(p=4)->[KAMTOWNR1] [KAMTOWNR3]</li>
      </rulesStrings>
      <rulesFiles>
        <li>KAMTOWNR1->Names/Syllables_gan_town_R1</li>
		<li>KAMTOWNR2->Names/Syllables_gan_town_R2</li>
		<li>KAMTOWNR3->Names/Syllables_gan_town_R3</li>
      </rulesFiles>
    </rulePack>
  </RulePackDef>

   
	<RulePackDef>
		<defName>Goranee_Pawns_Name_rulepack</defName>
		<rulePack>
			<rulesStrings>
				<li>r_name(p=9)->[KAMNAMEfirst] '[KAMNAMEmix]' [KAMNAMElast]</li>
				<li>r_name(p=1)->[KAMNAMEfirst] '[KAMNAMEmix]' [KAMNAMEfirst]</li>
			</rulesStrings>
		<rulesFiles>
				<li>KAMNAMEfirst->Names/Syllables_goranee1</li>
				<li>KAMNAMEmix->Names/Syllables_goranee2</li>
				<li>KAMNAMElast->Names/Syllables_goranee3</li>
		</rulesFiles>
		</rulePack>
	</RulePackDef>

</Defs>
