<?xml version="1.0" encoding="utf-8"?>
<Defs>
  <ThingDef ParentName="BookBase">
    <defName>KAM_books</defName>
    <label>보노루서적</label>
    <description>보노루정부가 써낸 국민을 안심시키기위한 재밌는 소설과 모험담책들입니다.</description>
    <graphicData>
      <texPath>Things/Item/Book/Novel/Novel</texPath>
      <graphicClass>Graphic_Single</graphicClass>
      <drawSize>0.8</drawSize>
    </graphicData>
    <uiIconPath>Things/Item/Book/Novel/Novel</uiIconPath>
    <statBases>
      <MarketValue>160</MarketValue>
    </statBases>
    <comps>
      <li Class="CompProperties_Book">
        <nameMaker>KAM_first_Books_N</nameMaker>
        <descriptionMaker>KAM_first_Books_D</descriptionMaker>
        <ageYearsRange>100~200</ageYearsRange>
        <openGraphic>
          <texPath>Things/Item/Book/Novel/Novel_Open</texPath>
          <graphicClass>Graphic_Multi</graphicClass>
          <drawSize>0.7</drawSize>
        </openGraphic>
        <verticalGraphic>
          <texPath>Things/Item/Book/Novel/Novel_Vertical</texPath>
          <graphicClass>Graphic_Multi</graphicClass>
          <addTopAltitudeBias>true</addTopAltitudeBias>
        </verticalGraphic>
        <doers>
          <li Class="BookOutcomeProperties_JoyFactorModifier" />
        </doers>
      </li>
    </comps>
  </ThingDef>
  
  <ThingDef ParentName="BookBase">
    <defName>KAM_Schematic</defName>
    <label>보노루 기술서적</label>
    <description>여러 보노루들의 기술들을 요약한 기술집입니다</description>
    <graphicData>
      <texPath>Things/Item/Book/Schematic/Schematic</texPath>
      <graphicClass>Graphic_Single</graphicClass>
      <drawSize>0.8</drawSize>
    </graphicData>
    <uiIconPath>Things/Item/Book/Schematic/Schematic</uiIconPath>
    <statBases>
      <MarketValue>150</MarketValue>
    </statBases>
    <comps>
      <li Class="CompProperties_Book">
        <nameMaker>KAM_Second_Books_N</nameMaker>
        <descriptionMaker>KAM_Second_Books_D</descriptionMaker>
        <ageYearsRange>100~200</ageYearsRange>
        <openGraphic>
          <texPath>Things/Item/Book/Schematic/Schematic_Open</texPath>
          <graphicClass>Graphic_Multi</graphicClass>
          <drawSize>0.7</drawSize>
        </openGraphic>
        <verticalGraphic>
          <texPath>Things/Item/Book/Schematic/Schematic_Vertical</texPath>
          <graphicClass>Graphic_Multi</graphicClass>
          <addTopAltitudeBias>true</addTopAltitudeBias>
        </verticalGraphic>
        <doers>
          <li Class="BookOutcomeProperties_GainResearch">
            <tabs>
              <Goranee_Research />
            </tabs>
            <exclude>
              <BasicMechtech MayRequire="Ludeon.RimWorld.Biotech"/>
              <StandardMechtech MayRequire="Ludeon.RimWorld.Biotech"/>
              <HighMechtech MayRequire="Ludeon.RimWorld.Biotech"/>
            </exclude>
          </li>
        </doers>
      </li>
    </comps>
  </ThingDef>
  
</Defs>	