<?xml version="1.0" encoding="utf-8"?>
<Defs>
	<ResearchProjectDef>
		<defName>20th_Century_gun</defName>
		<label>20세기의총기</label>
		<description>20세기의 총기입니다</description>
		<tab>Goranee_Research</tab>
		<baseCost>1250</baseCost>
		<prerequisites>
			<li>GasOperation</li>
			<li>Before_KoreanIndependence_gun</li>
		</prerequisites>
		<techLevel>Industrial</techLevel>
		<researchViewX>3</researchViewX>
		<researchViewY>1</researchViewY>
	</ResearchProjectDef>
	
	<ResearchProjectDef>
		<defName>Before_KoreanIndependence_gun</defName>
		<label>광복전의총기</label>
		<description>광복전의 총기입니다</description>
		<tab>Goranee_Research</tab>
		<baseCost>700</baseCost>
		<prerequisites>
			<li>BlowbackOperation</li>
			<li>Joseon_gun</li>
		</prerequisites>
		<techLevel>Industrial</techLevel>
		<researchViewX>2</researchViewX>
		<researchViewY>1</researchViewY>
	</ResearchProjectDef>
	
	<ResearchProjectDef>
		<defName>21th_Centurys_gun</defName>
		<label>21세기의총기</label>
		<description>21세기의 총기입니다(아직없음)</description>
		<tab>Goranee_Research</tab>
		<discoveredLetterTitle>콘텐츠 안내</discoveredLetterTitle>
        <discoveredLetterText>아직 없습니다. 뭘원하신거죠?</discoveredLetterText>
		<baseCost>6000</baseCost>
		<prerequisites>
			<li>20th_Century_gun</li>
			<li>PrecisionRifling</li>
		</prerequisites>
		<techLevel>Industrial</techLevel>
		<researchViewX>4</researchViewX>
		<researchViewY>1</researchViewY>
	</ResearchProjectDef>
	
	<ResearchProjectDef>
		<defName>Joseon_gun</defName>
		<label>조선시대의총기</label>
		<description>조선시대의 총기입니다</description>
		<tab>Goranee_Research</tab>
		<baseCost>300</baseCost>
		<prerequisites>
			<li>Gunsmithing</li>
			<li>Bonoru_melt_iron</li>
		</prerequisites>
		<techLevel>Industrial</techLevel>
		<researchViewX>1</researchViewX>
		<researchViewY>1</researchViewY>
	</ResearchProjectDef>
	
		<ResearchProjectDef>
		<defName>Bonorus_Guns</defName>
		<label>보노루 총기</label>
		<description>보노루들의 자체 제작 총기입니다.\n\n 강력합니다. 보노루 들도 아직도 전부 찾지 못하고있습니다</description>
		<tab>Goranee_Research</tab>
		<discoveredLetterTitle>보노루의 총기들의 대해</discoveredLetterTitle>
        <discoveredLetterText>보노루는 이총기들을 소규모 밖에 생산하지못햇습니다. 그래서, 안궁금하다고요?</discoveredLetterText>
		<baseCost>7500</baseCost>
		<prerequisites>
			<li>21th_Centurys_gun</li>
		</prerequisites>
		<techLevel>Spacer</techLevel>
		<researchViewX>5</researchViewX>
		<researchViewY>1</researchViewY>
	</ResearchProjectDef>
	
	<ResearchProjectDef>
		<defName>Bonoru_Turrets</defName>
		<label>보노루 테렛</label>
		<description>보노루들의 자체 제작 총기입니다.\n\n 강력합니다. 보노루 들도 아직도 전부 찾지 못하고있습니다</description>
		<tab>Goranee_Research</tab>
		<discoveredLetterTitle>보노루의 터렛들의 대해</discoveredLetterTitle>
        <discoveredLetterText>보노루는 이걸 만들진 못했습니다. 연기저기 퍼져있던 설계도를 모은것뿐입니다.</discoveredLetterText>
		<baseCost>4000</baseCost>
		<prerequisites>
			<li>Bonorus_Guns</li>
			<li>HeavyTurrets</li>
		</prerequisites>
		<techLevel>Spacer</techLevel>
		<researchViewX>5</researchViewX>
		<researchViewY>1.5</researchViewY>
	</ResearchProjectDef>
	
	<ResearchProjectDef>
		<defName>Bonorus_Rockets</defName>
		<label>보노루만의 로켓</label>
		<description>보노루들의 자체 제작 로켓입니다.\n\n 매우! 강력합니다. 보노루들은 아직 발견조차, 못했을뿐더러 인간-보노루 전쟁중 모두 분실되었습니다.</description>
		<tab>Goranee_Research</tab>
		<discoveredLetterTitle>보노루의 로켓에대해</discoveredLetterTitle>
        <discoveredLetterText>보노루들은 안들고옵니다. 안심하세요.</discoveredLetterText>
		<baseCost>10000</baseCost>
		<prerequisites>
			<li>Bonorus_Guns</li>
		</prerequisites>
		<techLevel>Spacer</techLevel>
		<researchViewX>6</researchViewX>
		<researchViewY>1</researchViewY>
	</ResearchProjectDef>
	
	<ResearchProjectDef>
		<defName>Fan_made</defName>
		<label>팬심무기</label>
		<description>그저 팬심으로 만든무기입니다</description>
		<tab>Goranee_Research</tab>
		<discoveredLetterTitle>팬심무기현황</discoveredLetterTitle>
        <discoveredLetterText>김치복유튜브:후라이팬시리즈</discoveredLetterText>
		<baseCost>1</baseCost>
		<prerequisites>
        </prerequisites>
		<techLevel>Industrial</techLevel>
		<researchViewX>1</researchViewX>
		<researchViewY>0</researchViewY>
	</ResearchProjectDef>
	
	<ResearchProjectDef>
		<defName>Simple_KAM_food</defName>
		<label>간단 군대음식</label>
		<description>군대의 간단한 음식입니다.</description>
		<tab>Goranee_Research</tab>
		<baseCost>600</baseCost>
		<prerequisites>
		<li>Goranee_food_recipes</li>
        </prerequisites>
		<techLevel>Industrial</techLevel>
		<researchViewX>2</researchViewX>
		<researchViewY>2</researchViewY>
	</ResearchProjectDef>

	<ResearchProjectDef>
		<defName>KAM_food</defName>
		<label>복잡한 군대음식</label>
		<description>군대의 복잡한 음식입니다.</description>
		<tab>Goranee_Research</tab>
		<baseCost>1000</baseCost>
		<prerequisites>
		<li>Simple_KAM_food</li>
		<li>Goranee_food_recipes</li>
        </prerequisites>
		<techLevel>Industrial</techLevel>
		<researchViewX>3</researchViewX>
		<researchViewY>2</researchViewY>
	</ResearchProjectDef>
	
		<ResearchProjectDef>
		<defName>Goranee_food_recipes</defName>
		<label>군대음식 레시피의흔적</label>
		<description>고대 군대음식의 흔적입니다. 연구하면 꽤나 좋은 맛의음식과 맛없는 음식이 나올겁니다.</description>
		<tab>Goranee_Research</tab>
		<baseCost>600</baseCost>
		<prerequisites>
        </prerequisites>
		<techLevel>Industrial</techLevel>
		<researchViewX>1</researchViewX>
		<researchViewY>2</researchViewY>
	</ResearchProjectDef>
	
		<ResearchProjectDef>
		<defName>Bonoru_melt_iron</defName>
		<label>보노루만의 금속녹이는방법</label>
		<description>보노루의 금속 녹이는 방법입니다.</description>
		<tab>Goranee_Research</tab>
		<discoveredLetterTitle>금속녹이는 방법</discoveredLetterTitle>
        <discoveredLetterText>이젠 보노루들의 칼과 방어구를 연구할수있습니다!</discoveredLetterText>
		<baseCost>500</baseCost>
		<prerequisites>
			<li>Smithing</li>
		</prerequisites>
		<techLevel>Medieval</techLevel>
		<researchViewX>0</researchViewX>
		<researchViewY>2.3</researchViewY>
	</ResearchProjectDef>
	
		<ResearchProjectDef>
		<defName>Made_Sword_Bonoru</defName>
		<label>일반 검류 제작방법</label>
		<description>뒤에 검자가 붙은 검을 제작가능합니다</description>
		<tab>Goranee_Research</tab>
		<baseCost>1000</baseCost>
		<prerequisites>
			<li>Bonoru_melt_iron</li>
		</prerequisites>
		<techLevel>Medieval</techLevel>
		<researchViewX>1</researchViewX>
		<researchViewY>3</researchViewY>
	</ResearchProjectDef>
	
		<ResearchProjectDef>
		<defName>Made_Kind_Do</defName>
		<label>도검류 제작법</label>
		<description>뒤에도가 붙은 검을 제작 가능합니다</description>
		<tab>Goranee_Research</tab>
		<baseCost>1750</baseCost>
		<prerequisites>
			<li>Made_Sword_Bonoru</li>
			<li>Bonoru_melt_iron</li>
		</prerequisites>
		<techLevel>Medieval</techLevel>
		<researchViewX>2</researchViewX>
		<researchViewY>3</researchViewY>
	</ResearchProjectDef>
	
	<ResearchProjectDef>
    <defName>Meth_production</defName>
    <label>메쓰암페타민 개발</label>
    <description>메쓰암페타민을 생산할수있는 레시피를 개발합니다.(현재구현시도중)</description>
    <tab>Goranee_Research</tab>
	<discoveredLetterTitle>콘텐츠 안내</discoveredLetterTitle>
    <discoveredLetterText>아직 없습니다. 뭘원하신거죠?</discoveredLetterText>
	<baseCost>3000</baseCost>
    <techLevel>Industrial</techLevel>
    <prerequisites>
      <li>DrugProduction</li>
	  <li>KAM_Medicine</li>
    </prerequisites>
    <researchViewX>2</researchViewX>
    <researchViewY>4</researchViewY>
  </ResearchProjectDef>
  
  	<ResearchProjectDef>
		<defName>KAM_Medicine</defName>
		<label>보노루만의 의약품</label>
		<description>보노루 자체개발 의약품을 만들수있게해줍니다.</description>
		<tab>Goranee_Research</tab>
		<baseCost>750</baseCost>
		<prerequisites>
		<li>MedicineProduction</li>
        </prerequisites>
		<techLevel>Industrial</techLevel>
		<researchViewX>1</researchViewX>
		<researchViewY>4</researchViewY>
	</ResearchProjectDef>
	
	<ResearchProjectDef>
		<defName>KAM_Initial_Armor</defName>
		<label>보노루 초기 방탄복</label>
		<description>보노루 연방정부의 초기방탄복입니다. 성능은....보장할수없습니다. 총탄에맞지않도록 주의하세요!</description>
		<tab>Goranee_Research</tab>
		<discoveredLetterTitle>콘텐츠 안내</discoveredLetterTitle>
        <discoveredLetterText>코드는 존재하나, 이미지가 없습니다.</discoveredLetterText>
		<baseCost>1250</baseCost>
		<prerequisites>
		<li>Bonoru_melt_iron</li>
        </prerequisites>
		<techLevel>Industrial</techLevel>
		<researchViewX>1</researchViewX>
		<researchViewY>5</researchViewY>
	</ResearchProjectDef>
	
	<ResearchProjectDef>
		<defName>KAM_Armor</defName>
		<label>보노루 방탄복</label>
		<description>보노루 연방정부의 방탄복입니다. 성능은....보장할수있습니다. 안심하세요!</description>
		<tab>Goranee_Research</tab>
		<discoveredLetterTitle>콘텐츠 안내</discoveredLetterTitle>
        <discoveredLetterText>코드는 존재하나, 이미지가 없습니다.</discoveredLetterText>
		<baseCost>2000</baseCost>
		<prerequisites>
		<li>KAM_Initial_Armor</li>
        </prerequisites>
		<techLevel>Industrial</techLevel>
		<researchViewX>2</researchViewX>
		<researchViewY>5</researchViewY>
	</ResearchProjectDef>
	
	<ResearchProjectDef>
		<defName>KAM_Head_Armor</defName>
		<label>보노루 머리보호구</label>
		<description>보노루 연방정부의 머리보호구입니다. 성능은....보장할수없습니다. 그나마 괜찮습니다. 네, 그렇다고요.</description>
		<tab>Goranee_Research</tab>
		<discoveredLetterTitle>콘텐츠 안내</discoveredLetterTitle>
        <discoveredLetterText>코드는 존재하나, 이미지가 없습니다.</discoveredLetterText> 
		<baseCost>1750</baseCost>
		<prerequisites>
		<li>KAM_Initial_Armor</li>
        </prerequisites>
		<techLevel>Industrial</techLevel>
		<researchViewX>2</researchViewX>
		<researchViewY>5.5</researchViewY>
	</ResearchProjectDef>
  
	
</Defs>