<?xml version="1.0" encoding="utf-8"?>
<Defs>
	<ResearchProjectDef>
		<defName>20th_Century_gun</defName>
		<label>20세기의총기</label>
		<description>20세기의 총기입니다</description>
		<tab>Goranee_Research</tab>
		<baseCost>5000</baseCost>
		<prerequisites>
			<li>GasOperation</li>
			<li>Before_KoreanIndependence_gun</li>
		</prerequisites>
		<techLevel>Industrial</techLevel>
		<researchViewX>3</researchViewX>
		<researchViewY>1</researchViewY>
	</ResearchProjectDef>
	
	<ResearchProjectDef>
		<defName>Before_KoreanIndependence_gun</defName>
		<label>광복전의총기</label>
		<description>광복전의 총기입니다</description>
		<tab>Goranee_Research</tab>
		<baseCost>2000</baseCost>
		<prerequisites>
			<li>BlowbackOperation</li>
			<li>Joseon_gun</li>
		</prerequisites>
		<techLevel>Industrial</techLevel>
		<researchViewX>2</researchViewX>
		<researchViewY>1</researchViewY>
	</ResearchProjectDef>
	
	<ResearchProjectDef>
		<defName>21th_Centurys_gun</defName>
		<label>21세기의총기</label>
		<description>21세기의 총기입니다(아직없음)</description>
		<tab>Goranee_Research</tab>
		<baseCost>10000</baseCost>
		<prerequisites>
			<li>20th_Century_gun</li>
			<li>PrecisionRifling</li>
		</prerequisites>
		<techLevel>Industrial</techLevel>
		<researchViewX>4</researchViewX>
		<researchViewY>1</researchViewY>
	</ResearchProjectDef>
	
	<ResearchProjectDef>
		<defName>Joseon_gun</defName>
		<label>조선시대의총기</label>
		<description>조선시대의 총기입니다</description>
		<tab>Goranee_Research</tab>
		<baseCost>300</baseCost>
		<prerequisites>
			<li>Gunsmithing</li>
		</prerequisites>
		<techLevel>Industrial</techLevel>
		<researchViewX>1</researchViewX>
		<researchViewY>1</researchViewY>
	</ResearchProjectDef>
	
	<ResearchProjectDef>
		<defName>Fan_made</defName>
		<label>팬심무기</label>
		<description>그저 팬심으로 만든무기입니다</description>
		<tab>Goranee_Research</tab>
		<baseCost>1</baseCost>
		<prerequisites>
        </prerequisites>
		<techLevel>Industrial</techLevel>
		<researchViewX>1</researchViewX>
		<researchViewY>0</researchViewY>
	</ResearchProjectDef>
	
	<ResearchProjectDef>
		<defName>Simple_KAM_food</defName>
		<label>간단 군대음식</label>
		<description>군대의 간단한 음식입니다.</description>
		<tab>Goranee_Research</tab>
		<baseCost>600</baseCost>
		<prerequisites>
		<li>Goranee_food_recipes</li>
        </prerequisites>
		<techLevel>Industrial</techLevel>
		<researchViewX>2</researchViewX>
		<researchViewY>2</researchViewY>
	</ResearchProjectDef>

	<ResearchProjectDef>
		<defName>KAM_food</defName>
		<label>복잡한 군대음식</label>
		<description>군대의 복잡한 음식입니다.</description>
		<tab>Goranee_Research</tab>
		<baseCost>1000</baseCost>
		<prerequisites>
		<li>Simple_KAM_food</li>
		<li>Goranee_food_recipes</li>
        </prerequisites>
		<techLevel>Industrial</techLevel>
		<researchViewX>3</researchViewX>
		<researchViewY>2</researchViewY>
	</ResearchProjectDef>
	
		<ResearchProjectDef>
		<defName>Goranee_food_recipes</defName>
		<label>군대음식 레시피의흔적</label>
		<description>고대 군대음식의 흔적입니다. 연구하면 꽤나 좋은 맛의음식과 맛없는 음식이 나올겁니다.</description>
		<tab>Goranee_Research</tab>
		<baseCost>600</baseCost>
		<prerequisites>
        </prerequisites>
		<techLevel>Industrial</techLevel>
		<researchViewX>1</researchViewX>
		<researchViewY>2</researchViewY>
	</ResearchProjectDef>
	
		<ResearchProjectDef>
		<defName>Bonoru_melt_iron</defName>
		<label>보노루만의 금속녹이는방법</label>
		<description>보노루의 금속 녹이는 방법입니다.</description>
		<tab>Goranee_Research</tab>
		<baseCost>500</baseCost>
		<prerequisites>
			<li>Smithing</li>
			<li>Joseon_gun</li>
		</prerequisites>
		<techLevel>Medieval</techLevel>
		<researchViewX>1</researchViewX>
		<researchViewY>3</researchViewY>
	</ResearchProjectDef>
	
		<ResearchProjectDef>
		<defName>Made_Sword_Bonoru</defName>
		<label>일반 검류 제작방법</label>
		<description>뒤에 검자가 붙은 검을 제작가능합니다</description>
		<tab>Goranee_Research</tab>
		<baseCost>1000</baseCost>
		<prerequisites>
			<li>Bonoru_melt_iron</li>
		</prerequisites>
		<techLevel>Medieval</techLevel>
		<researchViewX>2</researchViewX>
		<researchViewY>3</researchViewY>
	</ResearchProjectDef>
	
		<ResearchProjectDef>
		<defName>Made_Kind_Do</defName>
		<label>도검류 제작법</label>
		<description>뒤에도가 붙은 검을 제작 가능합니다</description>
		<tab>Goranee_Research</tab>
		<baseCost>1750</baseCost>
		<prerequisites>
			<li>Made_Sword_Bonoru</li>
			<li>Bonoru_melt_iron</li>
		</prerequisites>
		<techLevel>Medieval</techLevel>
		<researchViewX>3</researchViewX>
		<researchViewY>3</researchViewY>
	</ResearchProjectDef>
	
	<ResearchProjectDef>
    <defName>Meth_production</defName>
    <label>메쓰암페타민 개발</label>
    <description>메쓰암페타민을 생산할수있는 레시피를 개발합니다.(현재구현시도중)</description>
    <baseCost>3000</baseCost>
    <techLevel>Industrial</techLevel>
    <prerequisites>
      <li>DrugProduction</li>
    </prerequisites>
    <researchViewX>4.00</researchViewX>
    <researchViewY>1.80</researchViewY>
  </ResearchProjectDef>
  
	
</Defs>