<?xml version="1.0" encoding="utf-8" ?>
<Defs> 

 <!--<ThingDef ParentName="BaseHumanMakeableGun">
    <defName>KAM_BNRK-11_SniperRifle</defName>
    <label>BNRK-11 대물 저격총</label>
    <description>매우무식한 10.9x121mm BNF11탄을 쏘는 대물 저격총입니다. 용도가 두개이지만, 모두 가능합니다. 보노루 연방 최초로 자체 개발된 총입니다.</description>
    <possessionCount>1</possessionCount>
    <graphicData>
      <texPath>Things/BNRK-24</texPath>
      <graphicClass>Graphic_Single</graphicClass>
    </graphicData>
    <soundInteract>Interact_Rifle</soundInteract>
    <weaponClasses>
      <li>LongShots</li>
      <li>RangedHeavy</li>
    </weaponClasses>
    <recipeMaker>
      <researchPrerequisite>Bonorus_Guns</researchPrerequisite>
      <skillRequirements>
        <Crafting>7</Crafting>
      </skillRequirements>
      <displayPriority>425</displayPriority>
    </recipeMaker>
    <thingSetMakerTags><li>RewardStandardQualitySuper</li></thingSetMakerTags>
    <statBases>
      <WorkToMake>72590</WorkToMake>
      <Mass>6</Mass>
      <AccuracyTouch>0.32</AccuracyTouch>
      <AccuracyShort>0.63</AccuracyShort>
      <AccuracyMedium>0.88</AccuracyMedium>
      <AccuracyLong>0.91</AccuracyLong>
      <RangedWeapon_Cooldown>5</RangedWeapon_Cooldown>
    </statBases>
    <costList>
      <Steel>40</Steel>
      <ComponentIndustrial>11</ComponentIndustrial>
	  <Chemfuel>25</Chemfuel>
    </costList>
	<equippedStatOffsets>
		<MoveSpeed>-0.15</MoveSpeed>
	</equippedStatOffsets>
    <verbs>
      <li>	
        <verbClass>Verb_Shoot</verbClass>
        <hasStandardCommand>true</hasStandardCommand>
        <defaultProjectile>KAM_SniperRifle</defaultProjectile>
        <warmupTime>6</warmupTime>
        <range>55</range>
        <soundCast>Shot_SniperRifle</soundCast>
        <soundCastTail>GunTail_Heavy</soundCastTail>
        <muzzleFlashScale>9</muzzleFlashScale>
      </li>
    </verbs>
    <tools>
      <li>
        <label>stock</label>
        <capacities>
          <li>Blunt</li>
        </capacities>
        <power>11</power>
        <cooldownTime>4</cooldownTime>
      </li>
      <li>
        <label>barrel</label>
        <capacities>
          <li>Blunt</li>
          <li>Poke</li>
        </capacities>
        <power>10</power>
        <cooldownTime>3</cooldownTime>
      </li>
    </tools>
    <weaponTags>
      <li>KAM_SniperRifle</li>
    </weaponTags>
  </ThingDef>-->
  
  <ThingDef ParentName="BaseHumanMakeableGun">
		<defName>KAM_BNRK3_BoltAction</defName>
		<label>BNRK-3 볼트액션</label>
		<description>게베어1898설계도에서 영감을 받아 제작된 급조 볼트액션입니다. 급조총기인데도 화력이 좋고 명중률도 높습니다. \n\n노리쇠손잡이부분이 약간 다르고 조준경이 달렸습니다. 개머리판이 모듈식이 됐습니다.</description>
		<graphicData>
			<texPath>Things/BNRK3</texPath>
			<graphicClass>Graphic_Single</graphicClass>
		</graphicData>
		<uiIconScale>1.4</uiIconScale>
		<soundInteract>Interact_Rifle</soundInteract>
		<statBases>
			<WorkToMake>15000</WorkToMake>
			<Mass>4.3</Mass>
			<AccuracyTouch>0.82</AccuracyTouch>
			<AccuracyShort>0.71</AccuracyShort>
			<AccuracyMedium>0.63</AccuracyMedium>
			<AccuracyLong>0.54</AccuracyLong>
			<RangedWeapon_Cooldown>2.2</RangedWeapon_Cooldown>
		</statBases>
		<weaponTags>
			<li>KAM_BoltAction_Rifle</li>
		</weaponTags>
		<weaponClasses>
			<li>RangedHeavy</li>
		</weaponClasses>
		<costList>
			<Steel>20</Steel>
			<ComponentIndustrial>5</ComponentIndustrial>
			<WoodLog>25</WoodLog>
		</costList>
		<recipeMaker>
			<researchPrerequisite>Bonorus_Guns</researchPrerequisite>
			<skillRequirements>
				<Crafting>4</Crafting>
			</skillRequirements>
			<displayPriority>400</displayPriority>
		</recipeMaker>
		<verbs>
			<li>
				<verbClass>Verb_Shoot</verbClass>
				<hasStandardCommand>true</hasStandardCommand>
				<defaultProjectile>KAM_BNFBolt_actionBullet</defaultProjectile>
				<warmupTime>0.9</warmupTime>
				<range>35</range>
				<soundCast>Shot_BoltActionRifle</soundCast>
				<soundCastTail>GunTail_Medium</soundCastTail>
				<muzzleFlashScale>9</muzzleFlashScale>
			</li>
		</verbs>
		<tools>
			<li>
				<label>grip</label>
				<capacities>
					<li>Blunt</li>
				</capacities>
				<power>8</power>
				<cooldownTime>2.3</cooldownTime>
			</li>
			<li>
				<label>barrel</label>
				<capacities>
					<li>Blunt</li>
					<li>Poke</li>
				</capacities>
				<power>11</power>
				<cooldownTime>1.9</cooldownTime>
			</li>
		</tools>
	</ThingDef>
  
  
  
</Defs>