<?xml version="1.0" encoding="utf-8"?>
<Defs>
  
    <ThingDef ParentName="BaseMeleeWeapon_Blunt_Quality">
	 <defName>Hwando</defName>
		<label>환도</label>
		<description>조선 시대 때 만들어진 검 입니다. 아름답고 괜찮은 공격력을 가지고 있습니다</description>
		<possessionCount>1</possessionCount>
		<graphicData>
			<texPath>Things/melee/sword/Hwando</texPath>
			<graphicClass>Graphic_Single</graphicClass>
		</graphicData>
		<uiIconScale>1.2</uiIconScale>
		<techLevel>Medieval</techLevel>
		<costStuffCount>50</costStuffCount>
		<statBases>
			<WorkToMake>500</WorkToMake>
			<Mass>0.9</Mass>
		</statBases>
		<equippedAngleOffset>-65</equippedAngleOffset>
		<costList>
			<Steel>50</Steel>
			<WoodLog>30</WoodLog>
		</costList>
		<recipeMaker>
			<researchPrerequisite>Made_Sword_Bonoru</researchPrerequisite>
			<skillRequirements>
				<Crafting>4</Crafting>
			</skillRequirements>
			<displayPriority>400</displayPriority>
		</recipeMaker>
		<stuffCategories>
			<li>Metallic</li>
		</stuffCategories>
		<weaponTags>
			<li>Goraneemeele</li>
		</weaponTags>
		<weaponClasses>
			<li>Melee</li>
		</weaponClasses>
		<tools>
			<li>	
			<label>handle</label>
				<capacities>
				<li>Blunt</li>
				</capacities>
				<power>11</power>
				<cooldownTime>2</cooldownTime>
			</li>
			<li>
				<label>point</label>
				<capacities>
				<li>Stab</li>
				</capacities>
				<power>14</power>
				<cooldownTime>2.6</cooldownTime>
			</li>
			<li>
				<label>edge</label>
				<capacities>
					<li>Cut</li>
				</capacities>
				<power>18</power>
				<cooldownTime>2.6</cooldownTime>
				</capacities>
				<power>17</power>
				<cooldownTime>1.7</cooldownTime>
			</li>
		</tools>
	</ThingDef>
	
	<!--<ThingDef ParentName="BaseMeleeWeapon_Blunt_Quality">
	 <defName>Sine_Sword</defName>
		<label>사인검</label>
		<description>조선 시대 때 만들어진 검 입니다. 주로 장식용 이나 호신용 으로 쓰였습니다.</description>
		<possessionCount>1</possessionCount>
		<graphicData>
			<texPath>Things/melee/sword/sinedo</texPath>
			<graphicClass>Graphic_Single</graphicClass>
		</graphicData>
		<uiIconScale>1.2</uiIconScale>
		<techLevel>Medieval</techLevel>
		<costStuffCount>50</costStuffCount>
		<statBases>
			<WorkToMake>500</WorkToMake>
			<Mass>1.0</Mass>
		</statBases>
		<equippedAngleOffset>-65</equippedAngleOffset>
		<costList>
			<Steel>30</Steel>
			<WoodLog>10</WoodLog>
			<sliver>25</sliver>
		</costList>
		<recipeMaker>
			<researchPrerequisite>Made_Kind_Do</researchPrerequisite>
			<skillRequirements>
				<Crafting>7</Crafting>
			</skillRequirements>
			<displayPriority>400</displayPriority>
		</recipeMaker>
		<stuffCategories>
			<li>Metallic</li>
		</stuffCategories>
		<weaponTags>
			<li>Goraneemeele</li>
		</weaponTags>
		<weaponClasses>
			<li>Melee</li>
		</weaponClasses>
		<tools>
			<li>
				<label>handle</label>
				<capacities>
					<li>Blunt</li>
				</capacities>
				<power>12</power>
				<cooldownTime>2</cooldownTime>
			</li>
			<li>
				<label>point</label>
				<capacities>
					<li>KAM_Heat</li>
				</capacities>
				<power>27</power>
				<cooldownTime>2.9</cooldownTime>
			</li>
			<li>
				<label>edge</label>
				<capacities>
					<li>KAM_Heat</li>
				</capacities>
				<power>27</power>
				<cooldownTime>2.9</cooldownTime>
			</li>
			<li>
				<label>edge</label>
				<capacities>
					<li>KAM_Heat</li>
				</capacities>
				<power>27</power>
				<cooldownTime>2.9</cooldownTime>
			</li>
		</tools>
    <comps>
     <li Class="KAM.CompProperties_WeaponExtention">
    	<northOffset>
			<position>(0.25,-1,0.35)</position>
			<angle>-135</angle>
		</northOffset>
		<southOffset>
			<position>(-0.25,1,0.25)</position>
			<angle>135</angle>
		</southOffset>
		<eastOffset>
			<position>(0.15,0.3,0.25)</position>
			<angle>-135</angle>
		</eastOffset>
		<westOffset>
			<position>(-0.15,-0.3,0.25)</position>
			<angle>135</angle>
		</westOffset>
	 </li>
	 <li Class="KAM.CompProperties_weapon">
		<sheathOnlyGraphicData>
 			<texPath>Things/Item/Equipment/WeaponMelee/KAM_sine/KAM_sine_sword_Full</texPath>
			<graphicClass>Graphic_Multi</graphicClass>
		</sheathOnlyGraphicData>
		<fullGraphicData>
			<texPath>Things/Item/Equipment/WeaponMelee/KAM_sine/KAM_sine_Sword</texPath>
			<graphicClass>Graphic_Multi</graphicClass>
		</fullGraphicData>
		<drawPosition>Back</drawPosition>
			<northOffset>
				<position>(0,1,0)</position>
				<angle>20</angle>
			</northOffset>
			<southOffset>
				<position>(0,-1,0.1)</position>
				<angle>60</angle>
			</southOffset>
			<eastOffset>
				<position>(-0.25,-0.3,0.1)</position>
				<angle>50</angle>
			</eastOffset>
			<westOffset>
			<position>(0.25,0.3,0.1)</position>
			<angle>-50</angle>
		</westOffset>
	 </li>
	</comps>
	</ThingDef>-->
	
</Defs>