<?xml version="1.0" encoding="utf-8"?>
<Defs>
	<ThingDef ParentName="BaseBullet">
		<defName>KAM_ARBullet</defName>
		<label>5.56mm</label>
		<graphicData>
			<texPath>Things/Projectile/Bullet_Small</texPath>
			<graphicClass>Graphic_Single</graphicClass>
		</graphicData>
		<projectile>
			<damageDef>Bullet</damageDef>
			<damageAmountBase>13</damageAmountBase>
			<stoppingPower>1</stoppingPower>
			<armorPenetrationBase>0.22</armorPenetrationBase>
			<speed>100</speed>
		</projectile>
	</ThingDef>
	<ThingDef ParentName="BaseBullet">
		<defName>KAM_Provisional_Bullet</defName>
		<label>5.56mm</label>
		<graphicData>
			<texPath>Things/Projectile/Bullet_Small</texPath>
			<graphicClass>Graphic_Single</graphicClass>
		</graphicData>
		<projectile>
			<damageDef>Bullet</damageDef>
			<damageAmountBase>13</damageAmountBase>
			<stoppingPower>1</stoppingPower>
			<armorPenetrationBase>0.22</armorPenetrationBase>
			<speed>100</speed>
		</projectile>
	</ThingDef>
	<ThingDef ParentName="BaseBullet">
		<defName>KAM_MGBullet</defName>
		<label>7.62mm</label>
		<graphicData>
			<texPath>Things/Projectile/Bullet_Small</texPath>
			<graphicClass>Graphic_Single</graphicClass>
		</graphicData>
		<projectile>
			<damageDef>Bullet</damageDef>
			<damageAmountBase>13</damageAmountBase>
			<stoppingPower>1</stoppingPower>
			<armorPenetrationBase>0.36</armorPenetrationBase>
			<speed>60</speed>
		</projectile>
	</ThingDef>
	<ThingDef ParentName="BaseBullet">
		<defName>KAM_DMRBullet</defName>
		<label>.30-06</label>
		<graphicData>
			<texPath>Things/Projectile/Bullet_Small</texPath>
			<graphicClass>Graphic_Single</graphicClass>
		</graphicData>
		<projectile>
			<damageDef>Bullet</damageDef>
			<damageAmountBase>23</damageAmountBase>
			<stoppingPower>1</stoppingPower>
			<armorPenetrationBase>0.52</armorPenetrationBase>
			<speed>70</speed>
		</projectile>
	</ThingDef>
	<ThingDef ParentName="BaseBullet">
		<defName>KAM_SMGBullet</defName>
		<label>9mm</label>
		<graphicData>
			<texPath>Things/Projectile/Bullet_Small</texPath>
			<graphicClass>Graphic_Single</graphicClass>
		</graphicData>
		<projectile>
			<damageDef>Bullet</damageDef>
			<damageAmountBase>11</damageAmountBase>
			<stoppingPower>1</stoppingPower>
			<armorPenetrationBase>0.13</armorPenetrationBase>
			<speed>50</speed>
		</projectile>
	</ThingDef>
	<ThingDef ParentName="BaseBullet">
		<defName>KAM_KRBullet</defName>
		<label>6.21mm</label>
		<graphicData>
			<texPath>Things/Projectile/Bullet_Small</texPath>
			<graphicClass>Graphic_Single</graphicClass>
		</graphicData>
		<projectile>
			<damageDef>Bullet</damageDef>
			<damageAmountBase>16</damageAmountBase>
			<stoppingPower>1</stoppingPower>
			<armorPenetrationBase>0.32</armorPenetrationBase>
			<speed>55</speed>
		</projectile>
	</ThingDef>
	<ThingDef ParentName="BaseBullet">
		<defName>KAM_OldBullet</defName>
		<label>화승총 탄약</label>
		<graphicData>
			<texPath>Things/Projectile/Bullet_Small</texPath>
			<graphicClass>Graphic_Single</graphicClass>
		</graphicData>
		<projectile>
			<damageDef>Bullet</damageDef>
			<damageAmountBase>14</damageAmountBase>
			<stoppingPower>1</stoppingPower>
			<armorPenetrationBase>0.05</armorPenetrationBase>
			<speed>55</speed>
		</projectile>
	</ThingDef>
	
	<ThingDef ParentName="BaseBullet">
		<defName>Joseon_cannon_ball</defName>
		<label>총통대포알</label>
		<graphicData>
			<texPath>Things/Projectile/Rocket_Big</texPath>
			<graphicClass>Graphic_Single</graphicClass>
		</graphicData>
		<thingClass>Projectile_Explosive</thingClass>
		<projectile>
			<damageDef>Bomb</damageDef>
			<damageAmountBase>50</damageAmountBase>
			<explosionRadius>3.9</explosionRadius>
			<stoppingPower>10</stoppingPower>
			<speed>120</speed>
		</projectile>
	</ThingDef>
	
	<ThingDef ParentName="BaseProjectileNeolithic">
    <defName>KAM_Arrow</defName>
    <label>각궁화살</label>
    <graphicData>
      <texPath>Things/Projectile/Arrow_Small</texPath>
      <graphicClass>Graphic_Single</graphicClass>
    </graphicData>
    <projectile>
      <damageDef>Arrow</damageDef>
      <damageAmountBase>10</damageAmountBase>
	  <armorPenetrationBase>0.03</armorPenetrationBase>
      <speed>70</speed>
    </projectile>
  </ThingDef>
  
    <ThingDef ParentName="BaseBullet">
    <defName>KAM_Shotgun_Bullet</defName>
    <label>18.53mm(12게이지)</label>
    <graphicData>
      <texPath>Things/Projectile/Bullet_Shotgun</texPath>
      <graphicClass>Graphic_Single</graphicClass>
    </graphicData>
    <projectile>
      <damageDef>Bullet</damageDef>
      <damageAmountBase>20</damageAmountBase>
      <stoppingPower>3</stoppingPower>
      <armorPenetrationBase>0.11</armorPenetrationBase>
      <speed>55</speed>
    </projectile>
  </ThingDef>
  
  	<ThingDef ParentName="BaseBullet">
		<defName>KAM_SniperRifleBullet</defName>
		<label>10.9×121mm BNF11</label>
		<graphicData>
			<texPath>Things/Projectile/Bullet_Big</texPath>
			<graphicClass>Graphic_Single</graphicClass>
		</graphicData>
		<projectile>
			<damageDef>Bullet</damageDef>
			<damageAmountBase>32</damageAmountBase>
			<stoppingPower>1</stoppingPower>
			<armorPenetrationBase>0.31</armorPenetrationBase>
			<speed>115</speed>
		</projectile>
	</ThingDef>
	
	<ThingDef ParentName="BaseBullet">
		<defName>KAM_Autocannon_Bullet</defName>
		<label>20mm BNF4</label>
		<graphicData>
			<texPath>Things/Projectile/Bullet_Big</texPath>
			<graphicClass>Graphic_Single</graphicClass>
		</graphicData>
		<projectile>
			<damageDef>Bullet</damageDef>
			<damageAmountBase>40</damageAmountBase>
			<stoppingPower>1</stoppingPower>
			<armorPenetrationBase>0.31</armorPenetrationBase>
			<speed>125</speed>
		</projectile>
	</ThingDef>
	
		<ThingDef ParentName="BaseBullet">
		<defName>KAM_BNFBolt_actionBullet</defName>
		<label>7.9mm BNF3</label>
		<graphicData>
			<texPath>Things/Projectile/Bullet_Small</texPath>
			<graphicClass>Graphic_Single</graphicClass>
		</graphicData>
		<projectile>
			<damageDef>Bullet</damageDef>
			<damageAmountBase>16</damageAmountBase>
			<stoppingPower>1</stoppingPower>
			<armorPenetrationBase>0.36</armorPenetrationBase>
			<speed>62</speed>
		</projectile>
	</ThingDef>

  
</Defs>