<?xml version="1.0" encoding="utf-8" ?>
<Defs>
	<ThingDef ParentName="BaseMeleeWeapon_Blunt_Quality">
		<defName>KAM_Fryingpen</defName>
		<label>잘 닦인 후라이펜</label>
		<description>잘 설거지된 후라이펜입니다. (반짝거려....)</description>
		<possessionCount>1</possessionCount>
		<graphicData>
			<texPath>Things/Fryingpen</texPath>
			<graphicClass>Graphic_Single</graphicClass>
		</graphicData>
		<uiIconScale>1.2</uiIconScale>
		<techLevel>Medieval</techLevel>
		<costStuffCount>50</costStuffCount>
		<statBases>
			<WorkToMake>4000</WorkToMake>
			<Mass>1.25</Mass>
		</statBases>
		<equippedAngleOffset>-65</equippedAngleOffset>
		<recipeMaker>
			<researchPrerequisite>Fan_made</researchPrerequisite>
			<skillRequirements>
				<Crafting>3</Crafting>
			</skillRequirements>
			<displayPriority>400</displayPriority>
		</recipeMaker>
		<stuffCategories>
			<li>Metallic</li>
			<li>Woody</li>
		</stuffCategories>
		<weaponTags>
			<li>Fan_made_melee</li>
		</weaponTags>
		<weaponClasses>
			<li>Melee</li>
		</weaponClasses>
		<tools>
			<li>
				<label>head</label>
				<labelUsedInLogging>false</labelUsedInLogging>
				<capacities>
					<li>Blunt</li>
				</capacities>
				<power>13.1</power>
				<cooldownTime>2</cooldownTime>
			</li>
		</tools>
	</ThingDef>
	<ThingDef ParentName="BaseMeleeWeapon_Blunt_Quality">
		<defName>KAM_Fryingpen_AfterMakingKimchiFriedRice</defName>
		<label>김치볶음밥 만든 뒤의 후라이펜</label>
		<description>김치볶음밥을 만들고 싱크대에 방치된 후라이펜입니다(으....기름)</description>
		<possessionCount>1</possessionCount>
		<graphicData>
			<texPath>Things/FryingpenWithOil</texPath>
			<graphicClass>Graphic_Single</graphicClass>
		</graphicData>
		<uiIconScale>1.2</uiIconScale>
		<techLevel>Medieval</techLevel>
		<costStuffCount>50</costStuffCount>
		<statBases>
			<WorkToMake>4000</WorkToMake>
			<Mass>1.25</Mass>
		</statBases>
		<equippedAngleOffset>-65</equippedAngleOffset>
		<recipeMaker>
			<researchPrerequisite>Fan_made</researchPrerequisite>
			<skillRequirements>
				<Crafting>3</Crafting>
			</skillRequirements>
			<displayPriority>400</displayPriority>
		</recipeMaker>
		<stuffCategories>
			<li>Metallic</li>
			<li>Woody</li>
		</stuffCategories>
		<weaponTags>
			<li>Fan_made_melee</li>
		</weaponTags>
		<weaponClasses>
			<li>Melee</li>
		</weaponClasses>
		<tools>
			<li>
				<label>head</label>
				<labelUsedInLogging>false</labelUsedInLogging>
				<capacities>
					<li>Blunt</li>
				</capacities>
				<power>15.7</power>
				<cooldownTime>2</cooldownTime>
			</li>
		</tools>
	</ThingDef>
</Defs>