<?xml version="1.0" encoding="utf-8"?>
<Defs>
	<ThingDef ParentName="BaseHumanMakeableGun">
		<defName>KAM_IndependenceRifle</defName>
		<label>독립소총</label>
		<description>독립군이 썼던 소화기입니다. 종류가 너무 많아 독립소총으로 통일 하였습니다.</description>
		<graphicData>
			<texPath>Things/IndependenceRifle</texPath>
			<graphicClass>Graphic_Single</graphicClass>
		</graphicData>
		<uiIconScale>1.4</uiIconScale>
		<soundInteract>Interact_Rifle</soundInteract>
		<statBases>
			<WorkToMake>15000</WorkToMake>
			<Mass>4.3</Mass>
			<AccuracyTouch>0.82</AccuracyTouch>
			<AccuracyShort>0.71</AccuracyShort>
			<AccuracyMedium>0.63</AccuracyMedium>
			<AccuracyLong>0.54</AccuracyLong>
			<RangedWeapon_Cooldown>2.2</RangedWeapon_Cooldown>
		</statBases>
		<weaponTags>
			<li>KAM_BoltAction_Rifle</li>
		</weaponTags>
		<weaponClasses>
			<li>RangedHeavy</li>
		</weaponClasses>
		<costList>
			<Steel>20</Steel>
			<ComponentIndustrial>5</ComponentIndustrial>
			<WoodLog>25</WoodLog>
		</costList>
		<recipeMaker>
			<researchPrerequisite>Before_KoreanIndependence_gun</researchPrerequisite>
			<skillRequirements>
				<Crafting>3</Crafting>
			</skillRequirements>
			<displayPriority>400</displayPriority>
		</recipeMaker>
		<verbs>
			<li>
				<verbClass>Verb_Shoot</verbClass>
				<hasStandardCommand>true</hasStandardCommand>
				<defaultProjectile>KAM_MGBullet</defaultProjectile>
				<warmupTime>0.9</warmupTime>
				<range>30</range>
				<soundCast>Shot_SniperRifle</soundCast>
				<soundCastTail>GunTail_Medium</soundCastTail>
				<muzzleFlashScale>9</muzzleFlashScale>
			</li>
		</verbs>
		<tools>
			<li>
				<label>grip</label>
				<capacities>
					<li>Blunt</li>
				</capacities>
				<power>7</power>
				<cooldownTime>2.3</cooldownTime>
			</li>
			<li>
				<label>barrel</label>
				<capacities>
					<li>Blunt</li>
					<li>Poke</li>
				</capacities>
				<power>10</power>
				<cooldownTime>2.1</cooldownTime>
			</li>
		</tools>
	</ThingDef>
</Defs>