<?xml version="1.0" encoding="utf-8"?>
<Defs>
	<ThingDef ParentName="BaseHumanMakeableGun">
		<defName>KAM_XK10Rifle</defName>
		<label>XK10 기관단총</label>
		<description>k1의 축소판입니다, 좀 극단적으로 크기를 줄였습니다. XB9C보다요...</description>
		<graphicData>
			<texPath>Things/XK9</texPath>
			<graphicClass>Graphic_Single</graphicClass>
		</graphicData>
		<uiIconScale>1.4</uiIconScale>
		<soundInteract>Interact_SMG</soundInteract>
		<statBases>
			<WorkToMake>7000</WorkToMake>
			<Mass>1.7</Mass>
			<AccuracyTouch>0.80</AccuracyTouch>
			<AccuracyShort>0.73</AccuracyShort>
			<AccuracyMedium>0.62</AccuracyMedium>
			<AccuracyLong>0.41</AccuracyLong>
			<RangedWeapon_Cooldown>0.6</RangedWeapon_Cooldown>
		</statBases>
		<weaponTags>
			<li>KAM_SMG</li>
		</weaponTags>
		<weaponClasses>
			<li>RangedHeavy</li>
		</weaponClasses>
		<costList>
			<ComponentIndustrial>9</ComponentIndustrial>
			<Chemfuel>50</Chemfuel>
		</costList>
		<recipeMaker>
			<researchPrerequisite>20th_Century_gun</researchPrerequisite>
			<skillRequirements>
				<Crafting>3</Crafting>
			</skillRequirements>
			<displayPriority>1200</displayPriority>
		</recipeMaker>
		<verbs>
			<li>
				<verbClass>Verb_Shoot</verbClass>
				<hasStandardCommand>true</hasStandardCommand>
				<defaultProjectile>KAM_SMGBullet</defaultProjectile>
				<warmupTime>3.1</warmupTime>
				<range>15</range>
				<burstShotCount>6</burstShotCount>
				<soundCast>Shot_AssaultRifle</soundCast>
				<soundCastTail>GunTail_Medium</soundCastTail>
				<muzzleFlashScale>9</muzzleFlashScale>
			</li>
		</verbs>
		<tools>
			<li>
				<label>grip</label>
				<capacities>
					<li>Blunt</li>
				</capacities>
				<power>9</power>
				<cooldownTime>2.1</cooldownTime>
			</li>
			<li>
				<label>barrel</label>
				<capacities>
					<li>Blunt</li>
					<li>Poke</li>
				</capacities>
				<power>11</power>
				<cooldownTime>1.7</cooldownTime>
			</li>
		</tools>
	</ThingDef>
</Defs>