<?xml version="1.0" encoding="utf-8"?>
<Defs>

  <SoundDef>
    <defName>Pawn_goranee_Call</defName>
    <context>MapOnly</context>
    <subSounds>
      <li>
        <grains>
          <li Class="AudioGrain_Clip">
            <clipPath>GoraneeCall</clipPath>
          </li>
        </grains>
        <volumeRange>40~46</volumeRange>
      </li>
    </subSounds>
  </SoundDef>

  <SoundDef>
    <defName>Pawn_goranee_Wounded</defName>  
    <context>MapOnly</context>
    <subSounds>
      <li>
        <grains>
          <li Class="AudioGrain_Clip">
            <clipPath>Goraneewounded</clipPath>
          </li>
        </grains>      
        <volumeRange>40~46</volumeRange>               
      </li>
    </subSounds>
  </SoundDef>

  <SoundDef>
    <defName>Pawn_goranee_Death</defName>  
    <context>MapOnly</context>
    <subSounds>
      <li>
        <grains>
          <li Class="AudioGrain_Clip">
            <clipPath>Goraneeroadkill</clipPath>
          </li>
        </grains>      
        <volumeRange>40~46</volumeRange>          
      </li>
    </subSounds>
  </SoundDef>
</Defs>