<?xml version="1.0" encoding="utf-8"?>

<Defs>
  <!--<HairDef>
    <defName>Goranee_Hair1</defName>
    <label>고라니 짧은 머리</label>
    <styleGender>Male</styleGender>
    <texPath>Things/Hair/Hair1</texPath>
		<styleTags>
			<li>Goranee_hair_man</li>
		</styleTags>
  </HairDef>
  <HairDef>
    <defName>Goranee_Hair2</defName>
    <label>고라니 중간 머리</label>
    <styleGender>Male</styleGender>
    <texPath>Things/Hair/Hair2</texPath>
		<styleTags>
			<li>Goranee_hair_women</li>
		</styleTags>
  </HairDef>
  <HairDef>
    <defName>Goranee_Hair3</defName>
    <label>고라니 단발 머리</label>
    <styleGender>Male</styleGender>
    <texPath>Things/Hair/Hair3</texPath>
		<styleTags>
			<li>Goranee_hair_women</li>
			<li>Goranee_hair_man</li>
		</styleTags>
  </HairDef>-->
</Defs>