<?xml version="1.0" encoding="utf-8"?>
<Defs>
	<!--XenotypeDef>
		<defName>goranee</defName>
		<label>고라니인간</label>
		<description>인간들에게 학살당해온자들입니다. 살아남기위해 산속으로 드러가서 부대나세우며 살고있습니다.</description>
		<descriptionShort>살아남기위해 산속부대에서 살고있습니다.</descriptionShort>
		<inheritable>true</inheritable>
		<nameMaker/>
		<iconPath>UI/</iconPath>
		<genes>
			<li>nearsighted</li>
			<li>Voice_Human</li>
			<li>Hair_ShortOnly</li>
			<li>Sleepy</li>
			<li>DarkVision</li>
			<li>MoveSpeed_VeryQuick</li>
			<li>MeleeDamage_Strong</li>
			<li>Learning_Slow</li>
			<li>perfect immunity</li>
			<li>Hair_ShortOnly</li>
			<li>LongjumpLegs</li>
			<li>Aggression_DeadCalm</li>
			<li>Ears_Goranee</li>
			<li>Voice_goranee</li>
			<li>Tail_goranee</li>
		</genes>
	</XenotypeDef-->
	<!--GeneCategoryDef>
		<defName>goranee</defName>
		<label>고라니</label>
		<displayPriorityInXenotype>115</displayPriorityInXenotype>
	</GeneCategoryDef-->
	<!--GeneDef Name="GeneArellianBase" Abstract="True">
		<displayCategory>goranee</displayCategory>
		<canGenerateInGeneSet>false</canGenerateInGeneSet>
		<symbolPack>
			<wholeNameSymbols>
				<li>
					<symbol>goranee</symbol>
				</li>
			</wholeNameSymbols>
		</symbolPack>
	</GeneDef-->
	<!--GeneDef ParentName="GeneEarsBase">
		<defName>Ears_Goranee</defName>
		<label>고라니귀</label>
		<description>악!!!하며 소리를 지를것같은 동물의귀입니다.</description>
		<iconPath>UI/Icons/Genes/Gene_Eargoranee</iconPath>
		<biostatCpx>1</biostatCpx>
		<renderNodeProperties>
			<li>
				<nodeClass>PawnRenderNode_AttachmentHead</nodeClass>
				<workerClass>PawnRenderNodeWorker_FlipWhenCrawling</workerClass>
				<texPath>Things/genetex/goranee_ears</texPath>
				<colorType>Skin</colorType>
				<parentTagDef>Head</parentTagDef>
				<useSkinShader>true</useSkinShader>
				<useRottenColor>true</useRottenColor>
				<rotDrawMode>Fresh, Rotting</rotDrawMode>
				<drawData>
					<defaultData>
						<layer>70</layer>
					</defaultData>
				</drawData>
			</li>
		</renderNodeProperties>
	</GeneDef-->
	<!--GeneDef ParentName="GeneVoiceBase">
		<defName>Voice_goranee</defName>
		<label>고라니 voice</label>
		<description>윽..너무나 씨끄러운 목소리입니다.</description>
		<iconPath>Things/Gene/icon/goranee</iconPath>
		<iconColor>(0.75, 0.75, 0.75)</iconColor>
		<displayOrderInCategory>125</displayOrderInCategory>
		<statOffsets>
	</statOffsets>
		<biostatCpx>1</biostatCpx>
		<biostatMet>2</biostatMet>
		<soundCall>Pawn_goranee_Call</soundCall>
		<soundDeath>Pawn_goranee_Death</soundDeath>
		<soundWounded>Pawn_goranee_Wounded</soundWounded>
	</GeneDef-->
	<!--GeneDef ParentName="GeneTailBase">
		<defName>Tail_goranee</defName>
		<label>고라니 꼬리</label>
		<description>동글동글한 고라니의 꼬리입니다.</description>
		<iconPath>Things/Gene/icon/Tailcircle</iconPath>
		<iconColor>(0.75, 0.75, 0.75)</iconColor>
		<displayOrderInCategory>1000</displayOrderInCategory>
		<statOffsets>
			<ComfyTemperatureMin>-10</ComfyTemperatureMin>
		</statOffsets>
		<biostatCpx>1</biostatCpx>
		<renderNodeProperties>
			<li>
				<workerClass>PawnRenderNodeWorker_AttachmentBody</workerClass>
				<texPath>Things/gene/tailcircle</texPath>
				<colorType>Hair</colorType>
				<overrideMeshSize>(1, 1)</overrideMeshSize>
				<parentTagDef>Body</parentTagDef>
				<rotDrawMode>Fresh, Rotting</rotDrawMode>
				<drawData>
					<scaleOffsetByBodySize>true</scaleOffsetByBodySize>
					<defaultData>
						<layer>-2</layer>
					</defaultData>
					<dataNorth>
						<offset>(0.1, 0, -0.25)</offset>
						<layer>90</layer>
					</dataNorth>
					<dataSouth>
						<offset>(-0.1, 0, -0.25)</offset>
					</dataSouth>
					<dataEast>
						<offset>(-0.5, 0, -0.15)</offset>
					</dataEast>
					<dataWest>
						<offset>(0.5, 0, -0.15)</offset>
					</dataWest>
				</drawData>
			</li>
		</renderNodeProperties>
	</GeneDef-->
</Defs>