<?xml version="1.0" encoding="utf-8" ?>
<Defs>

	<BackstoryDef Name="KAM_AdultBaseBackstory" Abstract="True">
        <slot>Adulthood</slot>
        <spawnCategories>
         <li>KAM_Backstory</li>
        </spawnCategories>
	</BackstoryDef>
	
   <BackstoryDef ParentName="KAM_AdultBaseBackstory">
    <defName>KAM_Soldier</defName>
    <title>보노루일반병</title>
    <titleShort>일반병</titleShort>
    <description>[PAWN_nameDef]은(는)장교밑에서 명령을 받으며 전역을 하염 없이기다리던 일반병이었습니다.</description>
    <requiredWorkTags>
      <li>Violent</li>
    </requiredWorkTags>
	<skillGains>
      <Shooting>2</Shooting>
      <Melee>1</Melee>
    </skillGains>
    <possessions>
      <KAM_M2Carbine>1</KAM_M2Carbine>
    </possessions>
  </BackstoryDef>
  
     <BackstoryDef ParentName="KAM_AdultBaseBackstory">
    <defName>KAM_High_officer</defName>
    <title>보노루 고위 장교</title>
    <titleShort>고위장교</titleShort>
    <description>[PAWN_nameDef]은(는)사령부 텐트에서 명령이나 내리는 무식한 장교였습니다.</description>
    <requiredWorkTags>
      <li>Violent</li>
    </requiredWorkTags>
	<skillGains>
	  <Social>6</Social>
      <Shooting>-3</Shooting>
      <Melee>-2</Melee>
    </skillGains>
    <possessions>
      <KAM_K5_pistol>1</KAM_K5_pistol>
    </possessions>
  </BackstoryDef>
  
     <BackstoryDef ParentName="KAM_AdultBaseBackstory">
    <defName>KAM_Low_officer</defName>
    <title>보노루 하위 장교</title>
    <titleShort>하위장교</titleShort>
    <description>[PAWN_nameDef]은(는) 사령부에서 보내온 전보를 최대한 성공시키려는 장교였습니다. 병사들의 분노는 그들에게 향해있죠</description>
    <requiredWorkTags>
      <li>Violent</li>
    </requiredWorkTags>
	<skillGains>
      <Social>-2</Social>
      <Shooting>3</Shooting>
      <Melee>2</Melee>
    </skillGains>
    <possessions>
      <KAM_M2Carbine>1</KAM_M2Carbine>
    </possessions>
  </BackstoryDef>
  
     <BackstoryDef ParentName="KAM_AdultBaseBackstory">
    <defName>KAM_Soldier_Builder</defName>
    <title>보노루공병</title>
    <titleShort>공병</titleShort>
    <description>[PAWN_nameDef]은(는)땅이나 파면서 평화롭게 살고있었습니다. 탱크가 들이 닥치기 전까지요.</description>
    <requiredWorkTags>
      <li>Violent</li>
    </requiredWorkTags>
	<skillGains>
      <Shooting>4</Shooting>
      <Melee>4</Melee>
    </skillGains>
    <possessions>
      <KAM_field_shovel_shovelver>1</KAM_field_shovel_shovelver>
    </possessions>
  </BackstoryDef>
  
  <BackstoryDef ParentName="KAM_AdultBaseBackstory">
    <defName>KAM_Soldier_Cook</defName>
    <title>보노루조리병</title>
    <titleShort>조리병</titleShort>
    <description>[PAWN_nameDef]은(는) 중대급에서 꽤나 실력이 좋은 조리병이었습니다.</description>
	<skillGains>
      <Cooking>4</Cooking>
    </skillGains>
    <possessions>
      <Gun_Autopistol>1</Gun_Autopistol>
    </possessions>
  </BackstoryDef>
   
   <BackstoryDef ParentName="KAM_AdultBaseBackstory">
   <defName>KAM_Soldier_Driver</defName>
    <title>보노루운전병</title>
    <titleShort>운전병</titleShort>
    <description>[PAWN_nameDef]은(는) 두돈반을 맨날 타고 다니던 운전병입니다. 근데 여긴 차가없지않나요?</description>
	<skillGains>
      <Social>4</Social>
    </skillGains>
    <possessions>
      <KAM_M1Garand>1</KAM_M1Garand>
    </possessions>
  </BackstoryDef>
  
   <BackstoryDef ParentName="KAM_AdultBaseBackstory">
    <defName>KAM_Soldier_TankDriver</defName>
    <title>보노루전차병</title>
    <titleShort>전차병</titleShort>
    <description>[PAWN_nameDef]은(는) 그 좁디좁은 닭장같은 전차에서 전차를 운영했습니다. 전차는 부서졌고 살아남은 게 기적이죠.</description>
    <requiredWorkTags>
      <li>Violent</li>
    </requiredWorkTags>
    <skillGains>
      <Shooting>3</Shooting>
      <Melee>-4</Melee>
    </skillGains>
    <possessions>
      <KAM_XK10Rifle>1</KAM_XK10Rifle>
    </possessions>
  </BackstoryDef>
  
     <BackstoryDef ParentName="KAM_AdultBaseBackstory">
    <defName>KAM_Soldier_End</defName>
    <title>보노루예비역</title>
    <titleShort>예비역</titleShort>
    <description>[PAWN_nameDef]은(는)길고 긴 군 부역을 마치고 사회로 나온 예비역 입니다. 곧 다시 끌려갈 운명이지만 말이죠.</description>
    <requiredWorkTags>
      <li>Violent</li>
    </requiredWorkTags>
	<skillGains>
      <Shooting>1</Shooting>
      <Melee>-2</Melee>
    </skillGains>
    <possessions>
      <KAM_K5_pistol>1</KAM_K5_pistol>
    </possessions>
  </BackstoryDef>
  
     <BackstoryDef ParentName="KAM_AdultBaseBackstory">
    <defName>KAM_Soldier_Marine</defName>
    <title>보노루해병</title>
    <titleShort>해병</titleShort>
    <description>[PAWN_nameDef]은(는)황근출의 명령을 받으며 동지애를 나누며 전역을 모르는 병사였습니다.</description>
    <requiredWorkTags>
      <li>Violent</li>
    </requiredWorkTags>
	<skillGains>
      <Shooting>3</Shooting>
      <Melee>4</Melee>
    </skillGains>
    <possessions>
      <KAM_rifle_barrel>1</KAM_rifle_barrel>
    </possessions>
  </BackstoryDef>
  
     <BackstoryDef ParentName="KAM_AdultBaseBackstory">
    <defName>KAM_Soldier_Exiled_Xenomorphs</defName>
    <title>보노루 이종족 추방병</title>
    <titleShort>추방병</titleShort>
    <description>[PAWN_nameDef]은(는)이종족을 적대하라는 최고사령부의 명령따라 이종족을 국경 밖으로 추방하는 군이였습니다.</description>
    <requiredWorkTags>
      <li>Violent</li>
    </requiredWorkTags>
	<skillGains>
      <Shooting>4</Shooting>
      <Melee>4</Melee>
    </skillGains>
    <possessions>
      <KAM_M2Carbine>1</KAM_M2Carbine>
    </possessions>
  </BackstoryDef>
  
  <BackstoryDef ParentName="KAM_AdultBaseBackstory">
    <defName>KAM_LOW_Strategies_Office</defName>
    <title>보노루 무식한 지휘관</title>
    <titleShort>무식지휘관</titleShort>
    <description>[PAWN_nameDef]은(는)맨날 돌격만 시키는 무식했던 지휘관이였습니다, 내분후 패배의 2번째요인입니다.</description>
    <requiredWorkTags>
      <li>Violent</li>
    </requiredWorkTags>
	<skillGains>
	  <Intellectual>-5</Intellectual>
      <Social>-7</Social>
      <Melee>9</Melee>
    </skillGains>
    <possessions>
      <KAM_MXRifleTripod>1</KAM_MXRifleTripod>
    </possessions>
  </BackstoryDef>
  
  <BackstoryDef ParentName="KAM_AdultBaseBackstory">
    <defName>KAM_LOW_Power_Office</defName>
    <title>보노루 테이블 지휘관</title>
    <titleShort>테이블지휘관</titleShort>
    <description>[PAWN_nameDef]은(는)전황따윈 알게 뭐냐뭐 전방보고를 무시하고, 매일 무리한 지시와 괴상천외한 정책을 내놓았습니다.</description>
    <requiredWorkTags>
      <li>Violent</li>
    </requiredWorkTags>
	<skillGains>
      <Shooting>-7</Shooting>
      <Melee>-10</Melee>
	  <Intellectual>6</Intellectual>
      <Social>9</Social>
    </skillGains>
    <possessions>
      <KAM_K5_pistol>1</KAM_K5_pistol>
    </possessions>
  </BackstoryDef>
  
  <BackstoryDef ParentName="KAM_AdultBaseBackstory">
    <defName>KAM_Office_Support_Soldier</defName>
    <title>보노루 지휘관 보조병</title>
    <titleShort>지휘관보조병</titleShort>
    <description>[PAWN_nameDef]은(는)지휘관 옆을 지키며 화초나 기르던 병사였습니다.</description>
    <requiredWorkTags>
      <li>Violent</li>
    </requiredWorkTags>
	<skillGains>
      <Plants>5</Plants>
	  <Intellectual>2</Intellectual>
	  <Shooting>-1</Shooting>
    </skillGains>
  </BackstoryDef>
  
  <BackstoryDef ParentName="KAM_AdultBaseBackstory">
    <defName>KAM_Injury_Soldier</defName>
    <title>보노루 부상당한 병사</title>
    <titleShort>부상당한 병사</titleShort>
    <description>[PAWN_nameDef]은(는) 부상당하여 병원으로 호송된 병사입니다.</description>
    <requiredWorkTags>
      <li>Violent</li>
    </requiredWorkTags>
	<skillGains>
      <Shooting>-2</Shooting>
      <Melee>-1</Melee>
	  <Social>3</Social>
    </skillGains>
  </BackstoryDef>
  
  <BackstoryDef ParentName="KAM_AdultBaseBackstory">
    <defName>KAM_PMC_CEO</defName>
    <title>보노루 민간군사기업 대표이사</title>
    <titleShort>대표이사</titleShort>
    <description>[PAWN_nameDef]은(는) 아주큰 보노루PMC기업을 운영하던 보노루입니다.</description>
    <requiredWorkTags>
      <li>Violent</li>
    </requiredWorkTags>
	<skillGains>
	  <Shooting>2</Shooting>
	  <Melee>1</Melee>
      <Social>7</Social>
    </skillGains>
    <possessions>
      <KAM_K5_pistol>1</KAM_K5_pistol>
    </possessions>
  </BackstoryDef>
  
  <BackstoryDef ParentName="KAM_AdultBaseBackstory">
    <defName>KAM_PMC_Staff</defName>
    <title>보노루 민간군사기업 직원</title>
    <titleShort>직원</titleShort>
    <description>[PAWN_nameDef].</description>
    <requiredWorkTags>
      <li>Violent</li>
    </requiredWorkTags>
	<skillGains>
	  <Shooting>4</Shooting>
	  <Melee>6</Melee>
    </skillGains>
		<possessions>
          <KAM_M1Garand>1</KAM_M1Garand>
        </possessions>
  </BackstoryDef>
  
    <BackstoryDef ParentName="KAM_AdultBaseBackstory">
    <defName>KAM_University_professor</defName>
    <title>보노루 대학 교수</title>
    <titleShort>대학교수</titleShort>
    <description>[PAWN_nameDef]은(는) 보노루-인간 전쟁중 최고지식인(1~2급공무원,대학 교수,대학원 박사과정진행중 학생)은 징집대상에서 제외되었기에 징집되지 않았습니다.</description>
    <requiredWorkTags>
      <li>Violent</li>
    </requiredWorkTags>
	<skillGains>
	  <Shooting>-2</Shooting>
      <Melee>-3</Melee>
	  <Intellectual>9</Intellectual>
    </skillGains>
		<possessions>
          <KAM_M1Garand>1</KAM_M1Garand>
        </possessions>
  </BackstoryDef>
  
   <BackstoryDef Name="KAM_ChildBaseBackstory" Abstract="True">
     <slot>Childhood</slot>
     <spawnCategories>
      <li>KAM_Backstory</li>
     </spawnCategories>
   </BackstoryDef>
		
	<BackstoryDef ParentName="KAM_ChildBaseBackstory">
		<defName>Goranee_Senior_Officers_kids</defName>
		<title>보노루 고위장교의 제자</title>
		<titleShort>고위장교의 제자</titleShort>
		<description>[PAWN_nameDef]은(는)보노루 전선의 고위 장교의 아들(딸)입니다. 부유하게 잘살아와 그림을 잘그립니다. 하지만 싸움은 ㅈ도 못하죠.</description>
		<skillGains>
		<Artistic>8</Artistic>
		<Shooting>-3</Shooting>
        <Melee>-4</Melee>
		</skillGains>	
	</BackstoryDef>
	
	<BackstoryDef ParentName="KAM_ChildBaseBackstory">
		<defName>Goranee_Orphans</defName>
		<title>보노루 고아</title>
		<titleShort>고아</titleShort>
		<description>[PAWN_nameDef]은(는)보노루-인간 전쟁에 사실상 피해자입니다. 불쌍해라.....</description>
		<skillGains>
        <Social>4</Social>
		</skillGains>	
	</BackstoryDef>
	
	<BackstoryDef ParentName="KAM_ChildBaseBackstory">
		<defName>Goranee_Inferior_Officers_kids</defName>
		<title>보노루 하급장교의 제자</title>
		<titleShort>하급장교의 제자</titleShort>
		<description>[PAWN_nameDef]은(는)하급 장교의 아들(딸)입니다. 가난했지만 행복했습니다. 싸우는 법을 배우고 응급 처치 방법도 배웠습니다. 따돌림을 받아 소심하지만요....</description>
		<skillGains>
		<Social>-4</Social>
		<Shooting>3</Shooting>
        <Melee>3</Melee>
		</skillGains>	
	</BackstoryDef>
	
	<BackstoryDef ParentName="KAM_ChildBaseBackstory">
		<defName>Goranee_Student_Soldier</defName>
		<title>보노루 학도병</title>
		<titleShort>학도병</titleShort>
		<description>[PAWN_nameDef]은(는) 어린시절 국가가 패망위기로 밀려나가자 자원(징집되어) 전선으로 이동한 아이입니다. 그저 기초 군사 훈련만을 받아 싸움실력이 좋진못하지만, 사격에선 베터랑입니다</description>
		<skillGains>
		<Social>-4</Social>
		<Shooting>3</Shooting>
		</skillGains>	
		<possessions>
          <KAM_M1Garand>1</KAM_M1Garand>
        </possessions>
	</BackstoryDef>
	
	<BackstoryDef ParentName="KAM_ChildBaseBackstory">
		<defName>Goranee_Refugee_Children</defName>
		<title>보노루 피란민아이</title>
		<titleShort>어린피란민</titleShort>
		<description>[PAWN_nameDef]은(는) 전쟁으로 인해 피란한 보노루입니다. 나중에 전쟁에서패배한뒤, 우주를 떠돌아 다녔습니다.</description>
		<skillGains>
		<Social>2</Social>
		</skillGains>	
	</BackstoryDef>
		
	<BackstoryDef ParentName="KAM_ChildBaseBackstory">
		<defName>Goranee_Elementary_school_students</defName>
		<title>보노루 어린학생</title>
		<titleShort>어린학생</titleShort>
		<description>[PAWN_nameDef]은(는) 전쟁으로 인해 피란한 보노루입니다. 나중에 전쟁에서패배한뒤, 우주를 떠돌아 다녔습니다.</description>
		<skillGains>
		<Social>2</Social>
		</skillGains>	
	</BackstoryDef>
	
	<BackstoryDef ParentName="KAM_ChildBaseBackstory">
		<defName>Goranee_Lucky_college_students</defName>
		<title>보노루 운좋은 대학생</title>
		<titleShort>어린피란민</titleShort>
		<description>[PAWN_nameDef]은(는) 숨어지내며 징집을 피한 대학생입니다.</description>
		<skillGains>
		<Shooting>-5</Shooting>
        <Melee>-4</Melee>
		<Intellectual>6</Intellectual>
		</skillGains>	
	</BackstoryDef>
	
	<BackstoryDef ParentName="KAM_ChildBaseBackstory">
		<defName>Goranee_Artcollege_student</defName>
		<title>보노루 미대생</title>
		<titleShort>미대생</titleShort>
		<description>[PAWN_nameDef]은(는) 보노루-인간전쟁중 공대생,미대생은 징집에서 제외 대상이였습니다. [PAWN_nameDef]은(는)미대생이였기에 징집되지 않았습니다.</description>
		<skillGains>
		<Artistic>4</Artistic>
		<Shooting>-5</Shooting>
        <Melee>-4</Melee>
		<Intellectual>1</Intellectual>
		</skillGains>	
	</BackstoryDef>
	
	<BackstoryDef ParentName="KAM_ChildBaseBackstory">
		<defName>Goranee_Machinecollege_student</defName>
		<title>보노루 공대생</title>
		<titleShort>미대생</titleShort>
		<description>[PAWN_nameDef]은(는) 보노루-인간전쟁중 공대생,미대생은 징집에서 제외 대상이였습니다. [PAWN_nameDef]은(는)공대생이였기에 징집되지 않았습니다.</description>
		<skillGains>
		<Shooting>-5</Shooting>
        <Melee>-4</Melee>
		<Crafting>4</Crafting>
		<Intellectual>4</Intellectual>
		</skillGains>	
	</BackstoryDef>
	
</Defs>