<?xml version="1.0" encoding="utf-8" ?>
<Defs>
 <!--이름-->
  <RulePackDef>
    <defName>KAM_first_Books_N</defName>
    <rulePack>
      <rulesStrings>
        <li>r_name(p=10)->[KAMBN1]</li>
      </rulesStrings>
	  <rulesFiles>
        <li>KAMBN1->Names/Syllables_gan_Bn1</li>
      </rulesFiles>
	</rulePack>
   </RulePackDef>
   <RulePackDef>
    <defName>KAM_Second_Books_N</defName>
    <rulePack>
      <rulesStrings>
        <li>r_name(p=10)->[KAMBNR1]</li>
      </rulesStrings>
	  <rulesFiles>
        <li>KAMBNR1->Names/Syllables_gan_BnR1</li>
      </rulesFiles>
	</rulePack>
   </RulePackDef>
   <!--설명-->
   <RulePackDef>
    <defName>KAM_first_Books_D</defName>
    <rulePack>
      <rulesStrings>
        <li>r_name(p=10)->[KAMBD1]</li>
      </rulesStrings>
	  <rulesFiles>
        <li>KAMBD1->Names/Syllables_gan_BD1</li>
      </rulesFiles>
	</rulePack>
   </RulePackDef>
   <RulePackDef>
    <defName>KAM_Second_Books_D</defName>
    <rulePack>
      <rulesStrings>
        <li>r_name(p=10)->[KAMBDR1]</li>
      </rulesStrings>
	  <rulesFiles>
        <li>KAMBDR1->Names/Syllables_gan_BDR1</li>
      </rulesFiles>
	</rulePack>
   </RulePackDef>
</Defs>