<?xml version="1.0" encoding="utf-8" ?>
<Defs>
	<ThingDef Abstract="True" Name="KAMBaseWeaponTurret" ParentName="BaseWeapon">
		<destroyOnDrop>True</destroyOnDrop>
		<drawerType>MapMeshAndRealTime</drawerType>
		<canGenerateDefaultDesignator>false</canGenerateDefaultDesignator>
		<tradeability>None</tradeability>
		<useHitPoints>false</useHitPoints>
		<weaponTags>
			<li>KAM_Turret</li>
		</weaponTags>
		<weaponClasses>
			<li>Ranged</li>
		</weaponClasses>
		<graphicData>
			<graphicClass>Graphic_Single</graphicClass>
		</graphicData>
	</ThingDef>
</Defs>