<?xml version="1.0" encoding="utf-8" ?>
<Defs>
  <ThingDef ParentName="DrugPillBase">
    <defName>KAM_Methylamphetamine</defName>
    <label>매스암페타민</label>
    <description>제2차세계대전중 독일군과 핀란드군등 여러 각국의 군에서 쓰인 마약입니다,\n\n이시대에 와서 수 많이 개량되 이제 먹기만하면 벗어날수없는 약입니다.</description>
    <graphicData>
      <texPath>Things/Item/Meth</texPath>
      <graphicClass>Graphic_StackCount</graphicClass>
    </graphicData>
    <stackLimit>100</stackLimit>
    <rotatable>false</rotatable>
    <statBases>
      <MarketValue>60</MarketValue>
      <Mass>0.01</Mass>
    </statBases>
    <techLevel>Industrial</techLevel>
    <ingestible>
      <drugCategory>Medical</drugCategory>
      <outcomeDoers>
        <li Class="IngestionOutcomeDoer_GiveHediff">
          <hediffDef>Meth</hediffDef>
          <severity>1</severity>
          <toleranceChemical>Meth</toleranceChemical>
        </li>
      </outcomeDoers>
    </ingestible>
    <comps>
      <li Class="CompProperties_Drug">
        <chemical>Meth</chemical>
        <addictiveness>1</addictiveness>
        <needLevelOffset>1.00</needLevelOffset>
        <listOrder>1027</listOrder>
      </li>
      </comps>
     <tradeTags>
      <li>ExoticMisc</li>
    </tradeTags>
  </ThingDef>
  
  <HediffDef>
    <defName>Meth</defName>
    <hediffClass>HediffWithComps</hediffClass>
    <label>매스암페타민을 먹음</label>
    <labelNoun>매쓰를먹음</labelNoun>
    <description>아주아주 강력한 마약인 매스 암페타민을 먹었습니다.\n\n신진대사가 활성화되고 몇일동안 힘이 강력해집니다.</description>
    <defaultLabelColor>(1,0,0.5)</defaultLabelColor>
    <scenarioCanAdd>true</scenarioCanAdd>
    <maxSeverity>3.0</maxSeverity>
    <isBad>false</isBad>
    <comps>
      <li Class="HediffCompProperties_SeverityPerDay">
        <severityPerDay>-0.7</severityPerDay>
      </li>
    </comps>
      <stages>
        <li>
          <painFactor>0.01</painFactor>
          <capMods>
            <li>
              <capacity>Consciousness</capacity>
              <offset>2.5</offset>
            </li>
			<li>
              <capacity>Sight</capacity>
              <offset>1.3</offset>
            </li>
            <li>
              <capacity>Moving</capacity>
              <offset>2</offset>
            </li>
          </capMods>
        </li>
      </stages>
  </HediffDef>
  
    <ThoughtDef>
    <defName>Meth</defName>
    <workerClass>ThoughtWorker_Hediff</workerClass>
    <hediff>Meth</hediff>
    <validWhileDespawned>true</validWhileDespawned>
    <stages>
      <li>
        <label>매스암페타민을 복용함</label>
        <description>쓴데 기분이 좋고 심장이 뛰어!\n\n내가 마치 살아서 뛰어다니는 동물이 된 느낌이야!!!</description>
        <baseMoodEffect>25</baseMoodEffect>
      </li>
    </stages>
  </ThoughtDef>

  <ChemicalDef>
    <defName>Meth</defName>
    <label>매스암페타민</label>
    <addictionHediff>MethAddiction</addictionHediff>
    <canBinge>false</canBinge>
  </ChemicalDef>

  <NeedDef ParentName="DrugAddictionNeedBase">
    <defName>Chemical_Meth</defName>
    <needClass>Need_Chemical</needClass>
    <label>혈내 매스암페타민량</label>
    <description>혈관속 매스암페타민이 돌아다니고있습니다.\n\n매스 섭취를 멈출경우 정신이 무너질겁니다.</description>
    <listPriority>982</listPriority>
    <fallPerDay>2</fallPerDay>
  </NeedDef>

  <HediffDef ParentName="AddictionBase">
    <defName>MethAddiction</defName>
    <hediffClass>Hediff_Addiction</hediffClass>
    <label>매쓰의 존재</label>
    <description>혈관속 매스암페타민이 흐르고 있습니다. \n\n현시대의 매쓰암페타민은 벗어 날수없습니다. \n\n이제 그들의 정신이 무너지지 않도록 관리해줘야합니다.</description>
    <defaultLabelColor>(0.63,0.79,1.0)</defaultLabelColor>
    <causesNeed>Chemical_Meth</causesNeed>
    <everCurableByItem>false</everCurableByItem>
    <comps>
      <li Class="HediffCompProperties_Discoverable">
        <sendLetterWhenDiscovered>true</sendLetterWhenDiscovered>
        <discoverLetterLabel>혈관속의 매스암페타민</discoverLetterLabel>
        <discoverLetterText>{0}은 매스암페타민을 복용했습니다.\n\n더이상 그길에서 돌아오지 못할겁니다,영원히요</discoverLetterText>
        <letterType>NegativeEvent</letterType>
        <messageType>NegativeEvent</messageType>
      </li>
    </comps>
    <stages>
      <li>
      </li>
      <li>
        <label>부족함</label>
        <painOffset>0.8</painOffset>
        <capMods>
          <li>
            <capacity>Consciousness</capacity>
            <setMax>0.2</setMax>
          </li>
        </capMods>
        <mentalStateGivers>
          <li>
            <mentalState>Wander_Psychotic</mentalState>
            <mtbDays>1</mtbDays>
          </li>
        </mentalStateGivers>
      </li>
    </stages>
  </HediffDef>

</Defs>