<?xml version="1.0" encoding="utf-8" ?>
<Defs> 

 <ThingDef ParentName="BaseHumanMakeableGun">
    <defName>KAM_BNRK-12_SniperRifle</defName>
    <label>BNRK-12 대물 저격총</label>
    <description>매우무식한 10.9x121mm BNF11탄을 쏘는 대물 저격총입니다. 용도가 두개이지만, 모두 가능합니다. 보노루 연방 최초로 자체 개발된 총입니다.</description>
    <possessionCount>1</possessionCount>
    <graphicData>
      <texPath>Things/BNRK12</texPath>
      <graphicClass>Graphic_Single</graphicClass>
    </graphicData>
    <soundInteract>Interact_Rifle</soundInteract>
    <weaponClasses>
      <li>LongShots</li>
      <li>RangedHeavy</li>
    </weaponClasses>
    <recipeMaker>
      <researchPrerequisite>Bonorus_Guns</researchPrerequisite>
      <skillRequirements>
        <Crafting>7</Crafting>
      </skillRequirements>
      <displayPriority>425</displayPriority>
    </recipeMaker>
    <thingSetMakerTags><li>RewardStandardQualitySuper</li></thingSetMakerTags>
    <statBases>
      <WorkToMake>72590</WorkToMake>
      <Mass>6</Mass>
      <AccuracyTouch>0.32</AccuracyTouch>
      <AccuracyShort>0.63</AccuracyShort>
      <AccuracyMedium>0.88</AccuracyMedium>
      <AccuracyLong>0.91</AccuracyLong>
      <RangedWeapon_Cooldown>5</RangedWeapon_Cooldown>
    </statBases>
    <costList>
      <Steel>40</Steel>
      <ComponentIndustrial>11</ComponentIndustrial>
	  <Chemfuel>25</Chemfuel>
	  <Plasteel>125</Plasteel>
	  <Uranium>65</Uranium>
    </costList>
	<equippedStatOffsets>
		<MoveSpeed>-0.15</MoveSpeed>
	</equippedStatOffsets>
    <verbs>
      <li>	
        <verbClass>Verb_Shoot</verbClass>
        <hasStandardCommand>true</hasStandardCommand>
        <defaultProjectile>KAM_SniperRifleBullet</defaultProjectile>
        <warmupTime>6</warmupTime>
        <range>55</range>
        <soundCast>Shot_SniperRifle</soundCast>
        <soundCastTail>GunTail_Heavy</soundCastTail>
        <muzzleFlashScale>9</muzzleFlashScale>
      </li>
    </verbs>
    <tools>
      <li>
        <label>stock</label>
        <capacities>
          <li>Blunt</li>
        </capacities>
        <power>11</power>
        <cooldownTime>4</cooldownTime>
      </li>
      <li>
        <label>barrel</label>
        <capacities>
          <li>Blunt</li>
          <li>Poke</li>
        </capacities>
        <power>10</power>
        <cooldownTime>3</cooldownTime>
      </li>
    </tools>
    <weaponTags>
      <li>KAM_SniperRifle</li>
    </weaponTags>
  </ThingDef>
  
  <ThingDef ParentName="BaseHumanMakeableGun">
		<defName>KAM_BNRK3_BoltAction</defName>
		<label>BNRK-3 볼트액션</label>
		<description>게베어1898설계도에서 영감을 받아 제작된 급조 볼트액션입니다. 급조총기인데도 화력이 좋고 명중률도 높습니다. \n\n노리쇠손잡이부분이 약간 다르고 조준경이 달렸습니다. 개머리판이 모듈식이 됐습니다.</description>
		<graphicData>
			<texPath>Things/BNRK3</texPath>
			<graphicClass>Graphic_Single</graphicClass>
		</graphicData>
		<uiIconScale>1.4</uiIconScale>
		<soundInteract>Interact_Rifle</soundInteract>
		<statBases>
			<WorkToMake>15000</WorkToMake>
			<Mass>4.3</Mass>
			<AccuracyTouch>0.82</AccuracyTouch>
			<AccuracyShort>0.71</AccuracyShort>
			<AccuracyMedium>0.63</AccuracyMedium>
			<AccuracyLong>0.54</AccuracyLong>
			<RangedWeapon_Cooldown>2.2</RangedWeapon_Cooldown>
		</statBases>
		<weaponTags>
			<li>KAM_BoltAction_Rifle</li>
		</weaponTags>
		<weaponClasses>
			<li>RangedHeavy</li>
		</weaponClasses>
		<costList>
			<Steel>30</Steel>
			<ComponentIndustrial>8</ComponentIndustrial>
			<WoodLog>25</WoodLog>
		</costList>
		<recipeMaker>
			<researchPrerequisite>Bonorus_Guns</researchPrerequisite>
			<skillRequirements>
				<Crafting>5</Crafting>
			</skillRequirements>
			<displayPriority>400</displayPriority>
		</recipeMaker>
		<verbs>
			<li>
				<verbClass>Verb_Shoot</verbClass>
				<hasStandardCommand>true</hasStandardCommand>
				<defaultProjectile>KAM_BNFBolt_actionBullet</defaultProjectile>
				<warmupTime>0.9</warmupTime>
				<range>35</range>
				<soundCast>Shot_BoltActionRifle</soundCast>
				<soundCastTail>GunTail_Medium</soundCastTail>
				<muzzleFlashScale>9</muzzleFlashScale>
			</li>
		</verbs>
		<tools>
			<li>
				<label>grip</label>
				<capacities>
					<li>Blunt</li>
				</capacities>
				<power>8</power>
				<cooldownTime>2.3</cooldownTime>
			</li>
			<li>
				<label>barrel</label>
				<capacities>
					<li>Blunt</li>
					<li>Poke</li>
				</capacities>
				<power>11</power>
				<cooldownTime>1.9</cooldownTime>
			</li>
		</tools>
	</ThingDef>
	
	<ThingDef ParentName="BaseHumanMakeableGun">
		<defName>KAM_BNRK11_Machine_guns</defName>
		<label>BNRK-11 기관포</label>
		<description>휴대가 가능하게 개조된 알려지지 않은 기관포입니다. 체구가 큰게아니라면.... 드는 순간 척추가 나갈수있습니다.</description>
		<graphicData>
			<texPath>Things/BNRK11</texPath>
			<graphicClass>Graphic_Single</graphicClass>
		</graphicData>
		<uiIconScale>1.4</uiIconScale>
		<soundInteract>Interact_Rifle</soundInteract>
		<statBases>
			<WorkToMake>15000</WorkToMake>
			<Mass>9.2</Mass>
			<AccuracyTouch>0.34</AccuracyTouch>
			<AccuracyShort>0.52</AccuracyShort>
			<AccuracyMedium>0.41</AccuracyMedium>
			<AccuracyLong>0.32</AccuracyLong>
			<RangedWeapon_Cooldown>9</RangedWeapon_Cooldown>
		</statBases>
		<weaponTags>
			<li>KAM_Autocannon</li>
		</weaponTags>
		<weaponClasses>
			<li>RangedHeavy</li>
		</weaponClasses>
		<costList>
			<Steel>100</Steel>
			<ComponentIndustrial>12</ComponentIndustrial>
			<WoodLog>15</WoodLog>
			<Uranium>50</Uranium>
			<ComponentSpacer>2</ComponentSpacer>
		</costList>
		<recipeMaker>
			<researchPrerequisite>Bonorus_Guns</researchPrerequisite>
			<skillRequirements>
				<Crafting>7</Crafting>
			</skillRequirements>
			<displayPriority>400</displayPriority>
		</recipeMaker>
		<equippedStatOffsets>
			<MoveSpeed>-0.7</MoveSpeed>
		</equippedStatOffsets>
		<verbs>
			<li>
				<verbClass>Verb_Shoot</verbClass>
				<hasStandardCommand>true</hasStandardCommand>
				<defaultProjectile>KAM_Autocannon_Bullet</defaultProjectile>
				<warmupTime>8</warmupTime>
				<range>50</range>
				<burstShotCount>7</burstShotCount>
				<soundCast>Shot_SniperRifle</soundCast>
				<soundCastTail>GunTail_Heavy</soundCastTail>
				<muzzleFlashScale>17</muzzleFlashScale>
			</li>
		</verbs>
		<tools>
			<li>
				<label>grip</label>
				<capacities>
					<li>Blunt</li>
				</capacities>
				<power>12</power>
				<cooldownTime>2.3</cooldownTime>
			</li>
			<li>
				<label>barrel</label>
				<capacities>
					<li>Blunt</li>
					<li>Poke</li>
				</capacities>
				<power>14</power>
				<cooldownTime>1.9</cooldownTime>
			</li>
		</tools>
	</ThingDef>
	
	<ThingDef ParentName="BaseHumanMakeableGun">
    <defName>BNRK-9_Bazoka</defName>
    <label>BNRK-9 보노루바주카</label>
	<tickerType>Normal</tickerType>
    <description>보노루들이 급조한 바주카입니다. 위에 조준경이 달려 명중률이 높은것으로 알려진 바주카입니다. 오죽하면 인간이 모두 녹였을까요.</description>
    <graphicData>
      <texPath>Things/BNRK-9</texPath>
      <graphicClass>Graphic_Single</graphicClass>
    </graphicData>
    <statBases>
      <MarketValue>2300</MarketValue>
      <Mass>6.7</Mass>
	  <WorkToMake>32000</WorkToMake>
			<AccuracyTouch>0.82</AccuracyTouch>
			<AccuracyShort>0.71</AccuracyShort>
			<AccuracyMedium>0.63</AccuracyMedium>
			<AccuracyLong>0.54</AccuracyLong>
      <RangedWeapon_Cooldown>9</RangedWeapon_Cooldown>
    </statBases>
		<weaponTags>
			<li>KAM_Bazoka</li>
		</weaponTags>
		<weaponClasses>
			<li>RangedHeavy</li>
		</weaponClasses>
		<costList>
			<Steel>60</Steel>
			<ComponentIndustrial>12</ComponentIndustrial>
		</costList>
		<recipeMaker>
			<researchPrerequisite>Bonorus_Rockets</researchPrerequisite>
			<skillRequirements>
				<Crafting>4</Crafting>
			</skillRequirements>
			<displayPriority>2400</displayPriority>
		</recipeMaker>
	<equippedStatOffsets>
		<MoveSpeed>-0.2</MoveSpeed>
	</equippedStatOffsets>
    <verbs>
      <li>
        <verbClass>Verb_Shoot</verbClass>
        <hasStandardCommand>true</hasStandardCommand>
        <defaultProjectile>BNU1_67mm</defaultProjectile>
        <forcedMissRadius>2</forcedMissRadius>
        <warmupTime>5.2</warmupTime>
        <range>35.9</range>
        <ticksBetweenBurstShots>20</ticksBetweenBurstShots>
        <soundCast>InfernoCannon_Fire</soundCast>
        <soundCastTail>GunTail_Heavy</soundCastTail>
        <muzzleFlashScale>14</muzzleFlashScale>
      </li>
    </verbs>
		<tools>
			<li>
				<label>grip</label>
				<capacities>
					<li>Blunt</li>
				</capacities>
				<power>2</power>
				<cooldownTime>5.2</cooldownTime>
			</li>
			<li>
				<label>barrel</label>
				<capacities>
					<li>Blunt</li>
				</capacities>
				<power>7</power>
				<cooldownTime>7.3</cooldownTime>
			</li>
		</tools>
  </ThingDef>
  
  	<ThingDef ParentName="BaseHumanMakeableGun">
		<defName>KAM_BNRK17_Lite_Machine_guns</defName>
		<label>BNRK-17 경기관총</label>
		<description>7.21mm탄을 20연발을 쏴대는 경기관총입니다.</description>
		<graphicData>
			<texPath>Things/BNRK17</texPath>
			<graphicClass>Graphic_Single</graphicClass>
		</graphicData>
		<uiIconScale>1.4</uiIconScale>
		<soundInteract>Interact_Rifle</soundInteract>
		<statBases>
			<WorkToMake>15000</WorkToMake>
			<Mass>4.1</Mass>
			<AccuracyTouch>0.34</AccuracyTouch>
			<AccuracyShort>0.63</AccuracyShort>
			<AccuracyMedium>0.59</AccuracyMedium>
			<AccuracyLong>0.51</AccuracyLong>
			<RangedWeapon_Cooldown>3</RangedWeapon_Cooldown>
		</statBases>
		<weaponTags>
			<li>KAM_MG</li>
		</weaponTags>
		<weaponClasses>
			<li>RangedHeavy</li>
		</weaponClasses>
		<costList>
			<Steel>100</Steel>
			<ComponentIndustrial>7</ComponentIndustrial>
			<ComponentSpacer>1</ComponentSpacer>
		</costList>
		<recipeMaker>
			<researchPrerequisite>Bonorus_Guns</researchPrerequisite>
			<skillRequirements>
				<Crafting>7</Crafting>
			</skillRequirements>
			<displayPriority>400</displayPriority>
		</recipeMaker>
		<equippedStatOffsets>
			<MoveSpeed>-0.4</MoveSpeed>
		</equippedStatOffsets>
		<verbs>
			<li>
				<verbClass>Verb_Shoot</verbClass>
				<hasStandardCommand>true</hasStandardCommand>
				<defaultProjectile>KAM_BNF_MG_Bullet</defaultProjectile>
				<warmupTime>6</warmupTime>
				<range>32</range>
				<burstShotCount>20</burstShotCount>
				<soundCast>BNF1shot_weapon</soundCast>
				<soundCastTail>GunTail_Heavy</soundCastTail>
				<muzzleFlashScale>17</muzzleFlashScale>
			</li>
		</verbs>
		<tools>
			<li>
				<label>grip</label>
				<capacities>
					<li>Blunt</li>
				</capacities>
				<power>12</power>
				<cooldownTime>2.3</cooldownTime>
			</li>
			<li>
				<label>barrel</label>
				<capacities>
					<li>Blunt</li>
					<li>Poke</li>
				</capacities>
				<power>14</power>
				<cooldownTime>1.9</cooldownTime>
			</li>
		</tools>
	</ThingDef>
  
</Defs>