<?xml version="1.0" encoding="utf-8" ?>
<Defs>

	<ThingDef ParentName="DrugBase">
		<defName>KAM_Cigarettes</defName>
		<label>노루담배</label>
		<description>오래전, 일명 아메리카대륙이라는 대륙에서 발견된 담배잎이라는 식물을 돌돌말아핀것입니다. 좀더 개량되었습니다.</description>
		<graphicData>
			<texPath>Things/Item/cigarret</texPath>
			<graphicClass>Graphic_StackCount</graphicClass>
			<drawSize>1.0</drawSize>
		</graphicData>
		<rotatable>false</rotatable>
		<statBases>
			<WorkToMake>350</WorkToMake>
			<MarketValue>8</MarketValue>
			<Mass>0.05</Mass>
			<DeteriorationRate>6</DeteriorationRate>
			<Flammability>1.3</Flammability>
		</statBases>
		<techLevel>Neolithic</techLevel>
		<ingestible>
			<foodType>Plant, Processed</foodType>
			<joyKind>Chemical</joyKind>
			<joy>0.50</joy>
			<baseIngestTicks>720</baseIngestTicks>
			<nurseable>true</nurseable>
			<drugCategory>Social</drugCategory>
			<ingestSound>Ingest_Smoke</ingestSound>
			<ingestEffect>Smoke_Joint</ingestEffect>
			<ingestEffectEat>EatVegetarian</ingestEffectEat>
			<ingestHoldOffsetStanding>
				<northDefault>
					<offset>(0.27,0,0.08)</offset>
					<behind>true</behind>
				</northDefault>
				<east>
					<offset>(0.45,0,0.08)</offset>
				</east>
				<south>
					<offset>(0.27,0,0.08)</offset>
				</south>
				<west>
					<offset>(-0.50,0,0.08)</offset>
					<flip>true</flip>
				</west>
			</ingestHoldOffsetStanding>
			<ingestHoldUsesTable>false</ingestHoldUsesTable>
			<ingestCommandString>피기 {0}</ingestCommandString>
			<ingestReportString>피는중 {0}.</ingestReportString>
			<ingestReportStringEat>Consuming {0}.</ingestReportStringEat>
			<useEatingSpeedStat>false</useEatingSpeedStat>
			<outcomeDoers>
				<li Class="IngestionOutcomeDoer_GiveHediff">
					<hediffDef>KAM_TobaccoHigh</hediffDef>
					<severity>1</severity>
					<toleranceChemical>KAM_Tobacco</toleranceChemical>
					<multiplyByGeneToleranceFactors>true</multiplyByGeneToleranceFactors>
				</li>
				
				<li Class="IngestionOutcomeDoer_GiveHediff">
					<hediffDef>KAM_TobaccoTolerance</hediffDef>
					<severity>0.030</severity>
					<divideByBodySize>true</divideByBodySize>
				</li>
			</outcomeDoers>
		</ingestible>

		<comps>
			<li Class="CompProperties_Drug">
				<chemical>KAM_Tobacco</chemical>
				<addictiveness>0.035</addictiveness>
				<minToleranceToAddict>0.15</minToleranceToAddict>
				<existingAddictionSeverityOffset>0.06</existingAddictionSeverityOffset>
				<needLevelOffset>0.9</needLevelOffset>
				<listOrder>20</listOrder>
			</li>
		</comps>
	</ThingDef>

	
	  <HediffDef>
    <defName>KAM_TobaccoHigh</defName>
    <label>담배 만족</label>
    <labelNoun>니코틴 충분</labelNoun>
    <description>혈류내에 있는 니코틴이 뇌에 도달했습니다..... 아...완벽하군요.. \n\n근데 금방끝날지도...</description>
    <hediffClass>Hediff_High</hediffClass>
    <defaultLabelColor>(1,0,0.5)</defaultLabelColor>
    <scenarioCanAdd>true</scenarioCanAdd>
    <maxSeverity>1.0</maxSeverity>
    <isBad>false</isBad>
    <comps>
      <li Class="HediffCompProperties_SeverityPerDay">
        <severityPerDay>-4.0</severityPerDay>
        <showHoursToRecover>true</showHoursToRecover>
      </li>
    </comps>
      <stages>
        <li>
          <hungerRateFactorOffset>-0.1</hungerRateFactorOffset>
          
          <capMods>
            <li>
              <capacity>Consciousness</capacity>
              <offset>0.1</offset>
            </li>
           
          </capMods>
        </li>
      </stages>
  </HediffDef>
  
  <ThoughtDef>
    <defName>KAM_TobaccoHigh</defName>
    <workerClass>ThoughtWorker_Hediff</workerClass>
    <hediff>KAM_TobaccoHigh</hediff>
    <validWhileDespawned>true</validWhileDespawned>
    <stages>
      <li>
        <label>아주...아주 달콤한담배</label>
        <description>이순간은 짧겠지만 이담배.. 기분째지는걸!</description>
        <baseMoodEffect>9</baseMoodEffect>
      </li>
    </stages>
  </ThoughtDef>

  <!-- Smokeleaf addiction -->

  <ChemicalDef>
    <defName>KAM_Tobacco</defName>
    <label>니코틴</label>
    <addictionHediff>KAM_TobaccoAddiction</addictionHediff>
    <toleranceHediff>KAM_TobaccoTolerance</toleranceHediff>
    <onGeneratedAddictedToleranceChance>0.8</onGeneratedAddictedToleranceChance>
	<geneToleranceBuildupFactorResist>0.5</geneToleranceBuildupFactorResist>
		<geneToleranceBuildupFactorImmune>0</geneToleranceBuildupFactorImmune>
  </ChemicalDef>

  <NeedDef ParentName="DrugAddictionNeedBase">
    <defName>KAM_Chemical_Tobacco</defName>
    <needClass>Need_Chemical</needClass>
    <label>니코틴 중독</label>
    <description>담배를 너무 자주피게되면 그것은 기호품이아닌 필수품이됩니다, 중독됀겁니다.</description>
    <listPriority>25</listPriority>
  </NeedDef>
  
  <HediffDef ParentName="DrugToleranceBase">
    <defName>KAM_TobaccoTolerance</defName>
    <label>니코틴 내성</label>
    <description>니코틴에 내성이 생겼습니다, 앞으로 같은 만족감을 느낄려면 담배를 더욱 많이 펴야할겁니다.</description>
    <comps>
      <li Class="HediffCompProperties_SeverityPerDay">
        <severityPerDay>-0.015</severityPerDay>
      </li>
      <li Class="HediffCompProperties_DrugEffectFactor">
        <chemical>KAM_Tobacco</chemical>
      </li>
    </comps>
    <hediffGivers>
      <li Class="HediffGiver_RandomDrugEffect">
        <hediff>Asthma</hediff>
        <baseMtbDays>250</baseMtbDays>
        <minSeverity>0.50</minSeverity>
        <partsToAffect>
          <li>Lung</li>
        </partsToAffect>
        <countToAffect>2</countToAffect>
      </li>
      <li Class="HediffGiver_RandomDrugEffect">
        <hediff>Carcinoma</hediff>
        <baseMtbDays>220</baseMtbDays>
        <minSeverity>0.40</minSeverity>
        <partsToAffect>
          <li>Lung</li>
        </partsToAffect>
        <countToAffect>1</countToAffect>
      </li>
    </hediffGivers>
  </HediffDef>

  <HediffDef ParentName="AddictionBase">
    <defName>KAM_TobaccoAddiction</defName>
    <label>니코틴중독</label>
    <description>니코틴이 혈류에서 사라져가면, 뇌는 니코틴을 갈망하기 시작합니다. 이것때문에 뇌는 제기능을 못할수도 있으며, 시간이 지남에따라 잔존 니코틴이 배출되어 중독에서 벗어납니다.</description>
    <hediffClass>Hediff_Addiction</hediffClass>
    <causesNeed>KAM_Chemical_Tobacco</causesNeed>
    <comps>
      <li Class="HediffCompProperties_SeverityPerDay">
        <severityPerDay>-0.07</severityPerDay>
        <showDaysToRecover>true</showDaysToRecover>
      </li>
    </comps>
    <stages>
      <li>
      </li>
      <li>
        <label>withdrawal</label>
		<socialFightChanceFactor>2.0</socialFightChanceFactor>
       <statOffsets>
		<MentalBreakThreshold>10</MentalBreakThreshold>
	   </statOffsets>	
        <mentalStateGivers>        
          <li>
            <mentalState>Binging_DrugMajor</mentalState>
            <mtbDays>50</mtbDays>
          </li>
        </mentalStateGivers>
      </li>
    </stages>
  </HediffDef>

  <ThoughtDef>
    <defName>KAM_TobaccoWithdrawal</defName>
    <workerClass>ThoughtWorker_Hediff</workerClass>
    <hediff>KAM_TobaccoAddiction</hediff>
    <validWhileDespawned>true</validWhileDespawned>
    <stages>
      <li>
        <visible>false</visible>
      </li>
      <li>
        <label>니코틴 갈망</label>
        <description>아 시발... 머리가 안돌아가 난 지금 담배가 필요해!</description>
        <baseMoodEffect>-18</baseMoodEffect>
      </li>
    </stages>
  </ThoughtDef>

</Defs>