<?xml version="1.0" encoding="utf-8"?>
<Defs>
	<ThingDef ParentName="BuildingBase">
		<defName>KAM_BNRK11_MG</defName>
		<label>BNRK-11(고정형)</label>
		<description>BNRK-11기관포를 삼각대를 펼쳐 고정한것입니다.</description>
		<thingClass>Building_TurretGun</thingClass>
		<drawerType>MapMeshAndRealTime</drawerType>
		<graphicData>
			<texPath>Things/weapon/Turret/other/BNRK11tripod</texPath>
			<graphicClass>Graphic_Single</graphicClass>
			<drawSize>(2,2)</drawSize>
			<damageData>
				<rect>(0.38,0.2,0.56375,0.8)</rect>
				<cornerTL>Damage/Corner</cornerTL>
			</damageData>
			<shadowData>
				<offset>(-0.13,-0.87,-0.1)</offset>
				<volume>(0.5,0.4,1.05)</volume>
			</shadowData>
		</graphicData>
		<techLevel>Industrial</techLevel>
		<uiIconPath>Things/weapon/Turret/BNRK11/BNRK_11_Icon</uiIconPath>
		<uiIconScale>0.90</uiIconScale>
		<minifiedDef>MinifiedThing</minifiedDef>
		<altitudeLayer>Building</altitudeLayer>
		<stealable>false</stealable>
		<size>(1,1)</size>
		<thingCategories>
			<li>BuildingsSecurity</li>
		</thingCategories>
		<statBases>
			<MaxHitPoints>300</MaxHitPoints>
			<Flammability>0.7</Flammability>
			<WorkToBuild>5000</WorkToBuild>
			<Mass>29.2</Mass>
			<ShootingAccuracyTurret>0.96</ShootingAccuracyTurret>
		</statBases>
		<costList>
			<Steel>100</Steel>
			<ComponentIndustrial>12</ComponentIndustrial>
			<WoodLog>15</WoodLog>
			<Uranium>50</Uranium>
			<ComponentSpacer>2</ComponentSpacer>
		</costList>
		<tickerType>Normal</tickerType>
		<comps>
			<li Class="CompProperties_Mannable">
				<manWorkType>Violent</manWorkType>
			</li>
			<li Class="CompProperties_Forbiddable"/>
			<li Class="CompProperties_Flickable"/>
			<li Class="CompProperties_Breakdownable"/>
		</comps>
		<interactionCellOffset>(0,0,-1)</interactionCellOffset>
		<hasInteractionCell>true</hasInteractionCell>
		<castEdgeShadows>true</castEdgeShadows>
		<passability>PassThroughOnly</passability>
		<pathCost>40</pathCost>
		<fillPercent>0.57</fillPercent>
		<hasTooltip>true</hasTooltip>
		<terrainAffordanceNeeded>Light</terrainAffordanceNeeded>
		<designationCategory>Security</designationCategory>
		<constructionSkillPrerequisite>5</constructionSkillPrerequisite>
		<building>
			<combatPower>55</combatPower>
			<ai_combatDangerous>false</ai_combatDangerous>
			<turretGunDef>KAM_BNRK11_Turret</turretGunDef>
			<turretBurstCooldownTime>0.72</turretBurstCooldownTime>
		</building>
		<placeWorkers>
			<li>PlaceWorker_TurretTop</li>
			<li>PlaceWorker_ShowTurretRadius</li>
		</placeWorkers>
		<designationHotKey>Misc2</designationHotKey>
		<researchPrerequisites>
			<li>Bonoru_Turrets</li>
		</researchPrerequisites>
	</ThingDef>
	
	<ThingDef ParentName="KAMBaseWeaponTurret">
		<defName>KAM_BNRK11_Turret</defName>
		<label>BNRK-11기관포</label>
		<description>보노루들의 기관총이 고정된 버전입니다.</description>
		<graphicData>
			<texPath>Things/weapon/Turret/BNRK11/BNRK_11_Gun</texPath>
			<graphicClass>Graphic_Single</graphicClass>
		</graphicData>
		<statBases>
			<AccuracyTouch>0.70</AccuracyTouch>
			<AccuracyShort>0.60</AccuracyShort>
			<AccuracyMedium>0.71</AccuracyMedium>
			<AccuracyLong>0.62</AccuracyLong>
			<RangedWeapon_Cooldown>2.1</RangedWeapon_Cooldown>
			<DeteriorationRate>0</DeteriorationRate>
			<Mass>34</Mass>
			<Flammability>0</Flammability>
		</statBases>
		<verbs>
			<li>
				<verbClass>Verb_Shoot</verbClass>
				<defaultProjectile>KAM_Autocannon_Bullet</defaultProjectile>
				<warmupTime>1.3</warmupTime>
				<range>45</range>
				<minRange>3</minRange>
				<burstShotCount>12</burstShotCount>
				<ticksBetweenBurstShots>20</ticksBetweenBurstShots>
				<soundCast>Shot_SniperRifle</soundCast>
				<soundCastTail>GunTail_Heavy</soundCastTail>
				<muzzleFlashScale>9</muzzleFlashScale>
				<consumeFuelPerShot>1</consumeFuelPerShot>
			</li>
		</verbs>
	</ThingDef>
	
	
	<ThingDef ParentName="BuildingBase">
		<defName>KAM_BNRK9_Rocket_luncher_T</defName>
		<label>BNRK-9 무반동로켓포</label>
		<description>땅바닥에 버려저 있던 BNRK9 로켓포를 가지고와서 삼각대에 단것입니다. 별차이점은 없습니다. 장전이 빠른단것 빼고요.</description>
		<thingClass>Building_TurretGun</thingClass>
		<drawerType>MapMeshAndRealTime</drawerType>
		<graphicData>
			<texPath>Things/weapon/Turret/other/BNRK9tripod</texPath>
			<graphicClass>Graphic_Single</graphicClass>
			<drawSize>(2,2)</drawSize>
			<damageData>
				<rect>(0.38,0.2,0.56375,0.8)</rect>
				<cornerTL>Damage/Corner</cornerTL>
			</damageData>
			<shadowData>
				<offset>(-0.13,-0.87,-0.1)</offset>
				<volume>(0.5,0.4,1.05)</volume>
			</shadowData>
		</graphicData>
		<techLevel>Industrial</techLevel>
		<uiIconPath>Things/weapon/Turret/BNRK9/BNRK_9_Icon</uiIconPath>
		<uiIconScale>0.90</uiIconScale>
		<minifiedDef>MinifiedThing</minifiedDef>
		<altitudeLayer>Building</altitudeLayer>
		<stealable>false</stealable>
		<size>(1,1)</size>
		<thingCategories>
			<li>BuildingsSecurity</li>
		</thingCategories>
		<statBases>
			<MaxHitPoints>300</MaxHitPoints>
			<Flammability>0.7</Flammability>
			<WorkToBuild>5000</WorkToBuild>
			<Mass>29.2</Mass>
			<ShootingAccuracyTurret>0.96</ShootingAccuracyTurret>
		</statBases>
		<costList>
			<Steel>75</Steel>
			<ComponentIndustrial>14</ComponentIndustrial>
		</costList>
		<tickerType>Normal</tickerType>
		<comps>
			<li Class="CompProperties_Mannable">
				<manWorkType>Violent</manWorkType>
			</li>
			<li Class="CompProperties_Forbiddable"/>
			<li Class="CompProperties_Flickable"/>
			<li Class="CompProperties_Breakdownable"/>
		</comps>
		<interactionCellOffset>(0,0,-1)</interactionCellOffset>
		<hasInteractionCell>true</hasInteractionCell>
		<castEdgeShadows>true</castEdgeShadows>
		<passability>PassThroughOnly</passability>
		<pathCost>40</pathCost>
		<fillPercent>0.57</fillPercent>
		<hasTooltip>true</hasTooltip>
		<terrainAffordanceNeeded>Light</terrainAffordanceNeeded>
		<designationCategory>Security</designationCategory>
		<constructionSkillPrerequisite>5</constructionSkillPrerequisite>
		<building>
			<combatPower>55</combatPower>
			<ai_combatDangerous>false</ai_combatDangerous>
			<turretGunDef>KAM_BNRK9_Turret</turretGunDef>
			<turretBurstCooldownTime>0.72</turretBurstCooldownTime>
		</building>
		<placeWorkers>
			<li>PlaceWorker_TurretTop</li>
			<li>PlaceWorker_ShowTurretRadius</li>
		</placeWorkers>
		<designationHotKey>Misc2</designationHotKey>
		<researchPrerequisites>
			<li>Bonoru_Turrets</li>
		</researchPrerequisites>
	</ThingDef>
	
	<ThingDef ParentName="KAMBaseWeaponTurret">
		<defName>KAM_BNRK9_Turret</defName>
		<label>BNRK-9 무반동로켓포</label>
		<description>땅바닥에 버려저 있던 BNRK9 로켓포를 가지고와서 삼각대에 단것입니다. 별차이점은 없습니다. 장전이 빠른단것 빼고요.</description>
		<graphicData>
			<texPath>Things/weapon/Turret/BNRK9/BNRK_9_Gun</texPath>
			<graphicClass>Graphic_Single</graphicClass>
		</graphicData>
		<statBases>
			<AccuracyShort>0.71</AccuracyShort>
			<AccuracyMedium>0.63</AccuracyMedium>
			<AccuracyLong>0.54</AccuracyLong>
			<RangedWeapon_Cooldown>1.4</RangedWeapon_Cooldown>
			<DeteriorationRate>0</DeteriorationRate>
			<Mass>13</Mass>
			<Flammability>0</Flammability>
		</statBases>
		<verbs>
			<li>
				<verbClass>Verb_Shoot</verbClass>
				<defaultProjectile>BNU1_67mm</defaultProjectile>
				<warmupTime>1.3</warmupTime>
				<range>36</range>
				<minRange>7</minRange>
				<ticksBetweenBurstShots>20</ticksBetweenBurstShots>
				<soundCast>InfernoCannon_Fire</soundCast>
				<soundCastTail>GunTail_Heavy</soundCastTail>
				<muzzleFlashScale>9</muzzleFlashScale>
				<consumeFuelPerShot>1</consumeFuelPerShot>
			</li>
		</verbs>
	</ThingDef>
</Defs>