<?xml version="1.0" encoding="utf-8" ?>
<Defs>
  <RulePackDef>
    <defName>Goranee_faction_rulepack_Army</defName>
    <rulePack>
      <rulesStrings>
        <li>r_name(p=10)->[KAMFAC1] [KAMFAC2] [KAMFAC3]</li>
		<li>r_name(p=5)->[KAMFAC1] [KAMFAC3]</li>
      </rulesStrings>
	  <rulesFiles>
        <li>KAMFAC1->Names/Syllables_gan_fac1</li>
		<li>KAMFAC2->Names/Syllables_gan_fac2</li>
		<li>KAMFAC3->Names/Syllables_gan_fac3</li>
      </rulesFiles>
	</rulePack>
   </RulePackDef>
   
     <RulePackDef>
    <defName>Namer_Settlement_Goranee_Army</defName>
    <rulePack>
      <rulesStrings>
       <li>r_name(p=6)->[KAMTOWN1] [KAMTOWN2] [KAMTOWN3]</li>
	   <li>r_name(p=4)->[KAMTOWN1] [KAMTOWN3]</li>
      </rulesStrings>
      <rulesFiles>
        <li>KAMTOWN1->Names/Syllables_gan_town1</li>
		<li>KAMTOWN2->Names/Syllables_gan_town2</li>
		<li>KAMTOWN3->Names/Syllables_gan_town3</li>
      </rulesFiles>
    </rulePack>
  </RulePackDef>
   
     <RulePackDef>
    <defName>Goranee_faction_rulepack_Republic</defName>
    <rulePack>
      <rulesStrings>
        <li>r_name(p=10)->[KAMFACR1] [KAMFACR2] [KAMFACR3]</li>
		<li>r_name(p=5)->[KAMFACR1] [KAMFACR3]</li>
      </rulesStrings>
	  <rulesFiles>
        <li>KAMFACR1->Names/Syllables_gan_fac_R1</li>
		<li>KAMFACR2->Names/Syllables_gan_fac_R2</li>
		<li>KAMFACR3->Names/Syllables_gan_fac_R3</li>
      </rulesFiles>
	</rulePack>
   </RulePackDef>
   
     <RulePackDef>
    <defName>Namer_Settlement_Goranee_Republic</defName>
    <rulePack>
      <rulesStrings>
       <li>r_name(p=6)->[KAMTOWNR1] [KAMTOWNR2] [KAMTOWNR3]</li>
	   <li>r_name(p=4)->[KAMTOWNR1] [KAMTOWNR3]</li>
      </rulesStrings>
      <rulesFiles>
        <li>KAMTOWNR1->Names/Syllables_gan_town_R1</li>
		<li>KAMTOWNR2->Names/Syllables_gan_town_R2</li>
		<li>KAMTOWNR3->Names/Syllables_gan_town_R3</li>
      </rulesFiles>
    </rulePack>
  </RulePackDef>

   <RulePackDef>
    <defName>Goranee_Pawns_Name_rulepackM</defName>
     <include>
      <li>Goranee_Pawns_Name_utilityM</li>
     </include>
	<rulePack>
      <rulesStrings>
        <li>r_name(p=3)->[GoraneeFirstM] [GoraneeFirstM]</li>
        <li>r_name(p=5)->[GoraneeFirstM] [GoraneeLastM]</li>
		<li>r_name(p=2)->[GoraneeLastM] [GoraneeFirstM]</li>
      </rulesStrings>
	</rulePack>
   </RulePackDef>
   
   <RulePackDef>
    <defName>Goranee_Pawns_Name_utilityM</defName>
    <rulePack>
      <rulesStrings>
        <li>GoraneeFirstM->[SylKAM1M]</li>
		<li>GoraneeLastM->[SylKAM2M][SylKAM3M]</li>
      </rulesStrings>
	  <rulesFiles>
        <li>SylKAM1M->Names/Syllables_goranee1M</li>
        <li>SylKAM2M->Names/Syllables_goranee2M</li>
        <li>SylKAM3M->Names/Syllables_goranee3M</li>
      </rulesFiles>
	</rulePack>
   </RulePackDef>
   
      <RulePackDef>
    <defName>Goranee_Pawns_Name_rulepackF</defName>
     <include>
      <li>Goranee_Pawns_Name_utilityF</li>
     </include>
	<rulePack>
      <rulesStrings>
        <li>r_name(p=3)->[GoraneeFirstF] [GoraneeFirstF]</li>
        <li>r_name(p=2)->[GoraneeFirstF] [GoraneeLastF]</li>
		<li>r_name(p=2)->[GoraneeLASTF] [GoraneeFirstF]</li>
      </rulesStrings>
	</rulePack>
   </RulePackDef>

   <RulePackDef>
    <defName>Goranee_Pawns_Name_utilityF</defName>
    <rulePack>
      <rulesStrings>
        <li>GoraneeFirstF->[SylKAM1F]</li>
		<li>GoraneeLastF->[SylKAM2F][SylKAM3F]</li>
      </rulesStrings>
	  <rulesFiles>
        <li>SylKAM1F->Names/Syllables_goranee1F</li>
        <li>SylKAM2F->Names/Syllables_goranee2F</li>
        <li>SylKAM3F->Names/Syllables_goranee3F</li>
      </rulesFiles>
	</rulePack>
   </RulePackDef>

</Defs>
