<?xml version="1.0" encoding="utf-8"?>
<ModMetaData>
    <name>Bonoru, The Water Deer Xenotype Betaver</name>
	<author>leese43</author>
	<supportedVersions>
	 <li>1.3</li>
	 <li>1.4</li>
	 <li>1.5</li>
	</supportedVersions>
	<modDependencies>
     <li>
      <packageId>brrainz.harmony</packageId>
      <displayName>Harmony</displayName>
      <steamWorkshopUrl>steam://url/CommunityFilePage/2009463077</steamWorkshopUrl>
     </li>
    </modDependencies>
	<packageId>leese43.koreas.armory.Beta</packageId>
	<description>한국의 근현대사의 무기를 알려주는 모드입니다. vesion Beta!(error)
	steam:https://url.kr/28394x
	git hub(old):https://github.com/leese43/rimwouldmods
	thank for seanggag and 김치볶음밥 진리교 rimworld players,moders</description>
</ModMetaData>